{
  "strategy": "V4",
  "initial_capital": 1000.0,
  "equity": 1176.399365141514,
  "position_size": 0.0,
  "position_units": [],
  "trade_count": 33,
  "last_run": "2026-01-17T08:31:44.242553+00:00"
}