{
  "strategy": "V4",
  "initial_capital": 1000.0,
  "equity": 1147.0521178535673,
  "position_size": 0.0,
  "position_units": [],
  "trade_count": 26,
  "last_run": "2026-01-12T06:42:47.393643+00:00"
}