{
  "strategy": "V4",
  "initial_capital": 1000.0,
  "equity": 1132.9476604262084,
  "position_size": 0.0,
  "position_units": [],
  "trade_count": 41,
  "last_run": "2026-01-23T14:29:54.374341+00:00"
}