{
  "strategy": "V4",
  "initial_capital": 1000.0,
  "equity": 1119.491004610376,
  "position_size": 0.0,
  "position_units": [],
  "trade_count": 44,
  "last_run": "2026-01-24T17:22:07.483585+00:00"
}