{
  "strategy": "V4",
  "initial_capital": 1000.0,
  "equity": 1116.5609552830188,
  "position_size": 0.0,
  "position_units": [],
  "trade_count": 46,
  "last_run": "2026-01-27T15:35:03.031231+00:00"
}