{
  "strategy": "V4",
  "initial_capital": 1000.0,
  "equity": 990.8558221477942,
  "position_size": 0.0,
  "position_units": [],
  "trade_count": 11,
  "last_run": "2026-01-01T09:29:37.443990+00:00"
}