{
  "strategy": "V4",
  "initial_capital": 1000.0,
  "equity": 996.8529620029817,
  "position_size": 0.0,
  "position_units": [],
  "trade_count": 6,
  "last_run": "2025-12-29T23:23:41.311538+00:00"
}