{
  "strategy": "V4",
  "initial_capital": 1000.0,
  "equity": 1168.5096927554891,
  "position_size": 0.0,
  "position_units": [],
  "trade_count": 21,
  "last_run": "2026-01-07T05:29:21.946339+00:00"
}