{
  "strategy": "V4",
  "initial_capital": 1000.0,
  "equity": 1176.399365141514,
  "position_size": 0.0,
  "position_units": [],
  "trade_count": 33,
  "last_run": "2026-01-16T17:27:41.291115+00:00"
}