{
  "strategy": "V4",
  "initial_capital": 1000.0,
  "equity": 1167.9024611325622,
  "position_size": 0.0,
  "position_units": [],
  "trade_count": 16,
  "last_run": "2026-01-04T22:24:01.237041+00:00"
}