{
  "strategy": "V4",
  "initial_capital": 1000.0,
  "equity": 1162.7436940226958,
  "position_size": 0.0,
  "position_units": [],
  "trade_count": 24,
  "last_run": "2026-01-10T23:23:22.076502+00:00"
}