{
  "strategy": "V4",
  "initial_capital": 1000.0,
  "equity": 1183.7087567012454,
  "position_size": 0.0,
  "position_units": [],
  "trade_count": 31,
  "last_run": "2026-01-15T23:25:46.650770+00:00"
}