{
  "strategy": "V4",
  "initial_capital": 1000.0,
  "equity": 1148.048616213479,
  "position_size": 0.0,
  "position_units": [],
  "trade_count": 37,
  "last_run": "2026-01-21T18:49:59.491991+00:00"
}