{
  "strategy": "V4",
  "initial_capital": 1000.0,
  "equity": 1160.7323869228621,
  "position_size": 0.0,
  "position_units": [],
  "trade_count": 35,
  "last_run": "2026-01-21T09:37:25.580712+00:00"
}