{
  "strategy": "V4",
  "initial_capital": 1000.0,
  "equity": 1139.1756826353999,
  "position_size": 0.0,
  "position_units": [],
  "trade_count": 39,
  "last_run": "2026-01-22T22:28:00.554356+00:00"
}