{
  "strategy": "V4",
  "initial_capital": 1000.0,
  "equity": 1001.2176561541296,
  "position_size": 0.0,
  "position_units": [],
  "trade_count": 2,
  "last_run": "2025-12-28T20:27:32.024937+00:00"
}