{
  "strategy": "V4",
  "initial_capital": 1000.0,
  "equity": 1160.7323869228621,
  "position_size": 0.0,
  "position_units": [],
  "trade_count": 35,
  "last_run": "2026-01-19T04:14:06.322102+00:00"
}