{
  "strategy": "V4",
  "initial_capital": 1000.0,
  "equity": 1106.5084050413311,
  "position_size": 0.0,
  "position_units": [],
  "trade_count": 50,
  "last_run": "2026-01-28T21:34:06.921708+00:00"
}