timestamp,equity
2019-09-10 08:00:00.000,100010.0
2019-09-10 16:00:00.000,100020.00099999999
2019-09-11 00:00:00.000,100030.00300009998
2019-09-11 08:00:00.000,100040.0060004
2019-09-11 16:00:00.000,100050.01000100002
2019-09-12 00:00:00.000,100060.01500200013
2019-09-12 08:00:00.000,100070.02100350033
2019-09-12 16:00:00.000,100080.02800560067
2019-09-13 00:00:00.000,100090.03600840124
2019-09-13 08:00:00.000,100100.04501200207
2019-09-13 16:00:00.000,100110.05501650328
2019-09-14 00:00:00.000,100120.06602200492
2019-09-14 08:00:00.000,100130.07802860712
2019-09-14 16:00:00.001,100140.09103640997
2019-09-15 00:00:00.001,100150.1050455136
2019-09-15 08:00:00.000,100160.12005601816
2019-09-15 16:00:00.000,100170.13606802376
2019-09-16 00:00:00.000,100180.15308163057
2019-09-16 08:00:00.000,100190.17109693873
2019-09-16 16:00:00.000,100200.19011404841
2019-09-17 00:00:00.000,100210.21013305982
2019-09-17 08:00:00.000,100220.23115407313
2019-09-17 16:00:00.000,100230.25317718853
2019-09-18 00:00:00.000,100240.27620250624
2019-09-18 08:00:00.000,100250.3002301265
2019-09-18 16:00:00.000,100260.32526014949
2019-09-19 00:00:00.000,100270.35129267552
2019-09-19 08:00:00.000,100280.37832780479
2019-09-19 16:00:00.000,100290.40636563758
2019-09-20 00:00:00.000,100300.43540627413
2019-09-20 08:00:00.000,100310.46544981477
2019-09-20 16:00:00.000,100320.49649635974
2019-09-21 00:00:00.000,100330.52854600939
2019-09-21 08:00:00.000,100340.56159886399
2019-09-21 16:00:00.000,100350.59565502389
2019-09-22 00:00:00.000,100360.63071458938
2019-09-22 08:00:00.000,100370.66677766084
2019-09-22 16:00:00.000,100380.70384433861
2019-09-23 00:00:00.000,100390.74191472305
2019-09-23 08:00:00.001,100400.78098891454
2019-09-23 16:00:00.000,100410.82106701343
2019-09-24 00:00:00.001,100420.86214912012
2019-09-24 08:00:00.000,100430.90423533502
2019-09-24 16:00:00.000,100440.94732575856
2019-09-25 00:00:00.000,100450.99142049115
2019-09-25 08:00:00.001,100461.03651963318
2019-09-25 16:00:00.000,100471.08262328514
2019-09-26 00:00:00.000,100481.12973154748
2019-09-26 08:00:00.000,100491.17784452064
2019-09-26 16:00:00.000,100501.2269623051
2019-09-27 00:00:00.001,100511.27708500133
2019-09-27 08:00:00.000,100521.32821270982
2019-09-27 16:00:00.000,100531.38034553108
2019-09-28 00:00:00.000,100541.43348356563
2019-09-28 08:00:00.001,100551.487626914
2019-09-28 16:00:00.000,100561.54277567669
2019-09-29 00:00:00.000,100571.59892995424
2019-09-29 08:00:00.000,100581.65608984724
2019-09-29 16:00:00.000,100591.71425545622
2019-09-30 00:00:00.000,100601.77342688174
2019-09-30 08:00:00.000,100611.83360422443
2019-09-30 16:00:00.000,100621.89478758485
2019-10-01 00:00:00.000,100631.95697706362
2019-10-01 08:00:00.000,100642.02017276132
2019-10-01 16:00:00.001,100652.0843747786
2019-10-02 00:00:00.000,100662.14958321606
2019-10-02 08:00:00.000,100672.21579817438
2019-10-02 16:00:00.000,100619.40516721098
2019-10-03 00:00:00.000,100586.9855948661
2019-10-03 08:00:00.001,100580.06923373659
2019-10-03 16:00:00.000,100590.12724065996
2019-10-04 00:00:00.001,100600.18625338403
2019-10-04 08:00:00.000,100603.79981207424
2019-10-04 16:00:00.000,100590.01306734799
2019-10-05 00:00:00.000,100564.17350479124
2019-10-05 08:00:00.000,100541.38566307504
2019-10-05 16:00:00.000,100540.15302568681
2019-10-06 00:00:00.000,100529.03630096676
2019-10-06 08:00:00.000,100525.37302288396
2019-10-06 16:00:00.000,100528.10228676152
2019-10-07 00:00:00.001,100523.01254894273
2019-10-07 08:00:00.000,100502.9019150522
2019-10-07 16:00:00.000,100477.91789866514
2019-10-08 00:00:00.001,100487.96569045499
2019-10-08 08:00:00.000,100498.01448702405
2019-10-08 16:00:00.000,100508.06428847274
2019-10-09 00:00:00.000,100518.11509490159
2019-10-09 08:00:00.000,100528.16690641106
2019-10-09 16:00:00.000,100538.2197231017
2019-10-10 00:00:00.000,100548.273545074
2019-10-10 08:00:00.000,100558.32837242851
2019-10-10 16:00:00.000,100568.38420526574
2019-10-11 00:00:00.000,100578.44104368627
2019-10-11 08:00:00.000,100588.49888779064
2019-10-11 16:00:00.000,100598.55773767942
2019-10-12 00:00:00.000,100608.6175934532
2019-10-12 08:00:00.000,100618.67845521253
2019-10-12 16:00:00.000,100628.74032305804
2019-10-13 00:00:00.000,100638.80319709035
2019-10-13 08:00:00.000,100648.86707741005
2019-10-13 16:00:00.000,100658.93196411779
2019-10-14 00:00:00.000,100668.9978573142
2019-10-14 08:00:00.000,100679.06475709993
2019-10-14 16:00:00.000,100689.13266357564
2019-10-15 00:00:00.000,100699.201576842
2019-10-15 08:00:00.000,100709.27149699969
2019-10-15 16:00:00.000,100719.34242414939
2019-10-16 00:00:00.000,100729.4143583918
2019-10-16 08:00:00.000,100739.48729982764
2019-10-16 16:00:00.000,100749.56124855763
2019-10-17 00:00:00.000,100759.6362046825
2019-10-17 08:00:00.001,100769.71216830295
2019-10-17 16:00:00.001,100779.78913951977
2019-10-18 00:00:00.000,100789.86711843371
2019-10-18 08:00:00.000,100799.94610514556
2019-10-18 16:00:00.000,100810.02609975607
2019-10-19 00:00:00.001,100820.10710236605
2019-10-19 08:00:00.000,100830.18911307628
2019-10-19 16:00:00.000,100840.27213198759
2019-10-20 00:00:00.000,100850.35615920079
2019-10-20 08:00:00.000,100860.44119481673
2019-10-20 16:00:00.000,100870.52723893619
2019-10-21 00:00:00.000,100880.61429166008
2019-10-21 08:00:00.000,100890.70235308926
2019-10-21 16:00:00.001,100900.79142332455
2019-10-22 00:00:00.000,100910.88150246687
2019-10-22 08:00:00.000,100920.97259061712
2019-10-22 16:00:00.000,100931.06468787618
2019-10-23 00:00:00.000,100941.15779434497
2019-10-23 08:00:00.000,100951.2519101244
2019-10-23 16:00:00.000,100961.34703531541
2019-10-24 00:00:00.000,100971.44317001893
2019-10-24 08:00:00.000,100981.54031433594
2019-10-24 16:00:00.000,100977.10217563913
2019-10-25 00:00:00.000,100987.1998858567
2019-10-25 08:00:00.000,100997.29860584528
2019-10-25 16:00:00.000,100982.44291319334
2019-10-26 00:00:00.000,100992.54115748467
2019-10-26 08:00:00.000,101006.38622495193
2019-10-26 16:00:00.000,101037.570936635
2019-10-27 00:00:00.001,101047.67469372868
2019-10-27 08:00:00.000,101066.43015262857
2019-10-27 16:00:00.000,101076.53679564383
2019-10-28 00:00:00.000,101089.15620126277
2019-10-28 08:00:00.000,101168.37269673675
2019-10-28 16:00:00.000,101242.94491593524
2019-10-29 00:00:00.000,101297.41058301168
2019-10-29 08:00:00.000,101313.98891722767
2019-10-29 16:00:00.000,101361.57305840243
2019-10-30 00:00:00.000,101387.21145469183
2019-10-30 08:00:00.000,101416.64416217712
2019-10-30 16:00:00.000,101469.69723707125
2019-10-31 00:00:00.000,101483.06079619737
2019-10-31 08:00:00.000,101522.23122800348
2019-10-31 16:00:00.000,101563.91727136802
2019-11-01 00:00:00.000,101580.03851195652
2019-11-01 08:00:00.000,101629.53643312263
2019-11-01 16:00:00.000,101639.69938676593
2019-11-02 00:00:00.000,101649.8633567046
2019-11-02 08:00:00.001,101660.02834304026
2019-11-02 16:00:00.000,101670.19434587457
2019-11-03 00:00:00.000,101680.36136530916
2019-11-03 08:00:00.000,101690.52940144569
2019-11-03 16:00:00.000,101700.69845438583
2019-11-04 00:00:00.000,101710.86852423126
2019-11-04 08:00:00.000,101721.11284290903
2019-11-04 16:00:00.000,101731.28495419332
2019-11-05 00:00:00.000,101741.45808268875
2019-11-05 08:00:00.000,101751.63222849701
2019-11-05 16:00:00.000,101761.80739171988
2019-11-06 00:00:00.000,101771.98357245905
2019-11-06 08:00:00.000,101782.16077081629
2019-11-06 16:00:00.000,101796.28508126645
2019-11-07 00:00:00.000,101823.79552730967
2019-11-07 08:00:00.000,101842.12788345641
2019-11-07 16:00:00.000,101862.01765103205
2019-11-08 00:00:00.000,101874.75040323842
2019-11-08 08:00:00.000,101884.93787827872
2019-11-08 16:00:00.000,101895.12637206654
2019-11-09 00:00:00.000,101905.31588470376
2019-11-09 08:00:00.000,101915.5064162922
2019-11-09 16:00:00.000,101925.69796693385
2019-11-10 00:00:00.000,101935.89053673053
2019-11-10 08:00:00.000,101946.08412578421
2019-11-10 16:00:00.000,101956.27873419679
2019-11-11 00:00:00.000,101966.4743620702
2019-11-11 08:00:00.000,101976.6710095064
2019-11-11 16:00:00.000,101986.86867660735
2019-11-12 00:00:00.000,101997.06736347503
2019-11-12 08:00:00.000,102007.26707021137
2019-11-12 16:00:00.000,102017.46779691838
2019-11-13 00:00:00.000,101994.93315845671
2019-11-13 08:00:00.000,102005.13265177255
2019-11-13 16:00:00.000,102015.33316503772
2019-11-14 00:00:00.000,102025.53469835423
2019-11-14 08:00:00.000,102035.73725182406
2019-11-14 16:00:00.000,102045.94082554926
2019-11-15 00:00:00.000,102056.14541963182
2019-11-15 08:00:00.000,102066.35103417379
2019-11-15 16:00:00.000,102076.55766927722
2019-11-16 00:00:00.001,102086.76532504415
2019-11-16 08:00:00.000,102096.97400157664
2019-11-16 16:00:00.000,102107.1836989768
2019-11-17 00:00:00.000,102117.3944173467
2019-11-17 08:00:00.001,102127.60615678845
2019-11-17 16:00:00.000,102137.81891740412
2019-11-18 00:00:00.000,102148.03269929587
2019-11-18 08:00:00.001,102158.24750256579
2019-11-18 16:00:00.000,102168.46332731604
2019-11-19 00:00:00.000,102178.68017364877
2019-11-19 08:00:00.000,102188.89804166614
2019-11-19 16:00:00.000,102199.1169314703
2019-11-20 00:00:00.000,102209.33684316344
2019-11-20 08:00:00.000,102219.55777684777
2019-11-20 16:00:00.000,102229.77973262547
2019-11-21 00:00:00.000,102240.00271059872
2019-11-21 08:00:00.000,102250.22671086979
2019-11-21 16:00:00.000,102260.45173354087
2019-11-22 00:00:00.000,102267.43816760331
2019-11-22 08:00:00.001,102277.25686434179
2019-11-22 16:00:00.000,102251.05138558801
2019-11-23 00:00:00.000,102221.73600915576
2019-11-23 08:00:00.000,102204.30924760093
2019-11-23 16:00:00.000,102189.70425180947
2019-11-24 00:00:00.000,102179.2645516231
2019-11-24 08:00:00.000,102189.48247807827
2019-11-24 16:00:00.000,102199.70142632606
2019-11-25 00:00:00.000,102209.9213964687
2019-11-25 08:00:00.000,102206.80808226297
2019-11-25 16:00:00.000,102195.47436931473
2019-11-26 00:00:00.000,102186.8265882736
2019-11-26 08:00:00.000,102139.58664021012
2019-11-26 16:00:00.000,102101.99212255546
2019-11-27 00:00:00.000,102083.51370402113
2019-11-27 08:00:00.000,102067.44167562359
2019-11-27 16:00:00.000,102077.64841979115
2019-11-28 00:00:00.000,102087.85618463311
2019-11-28 08:00:00.000,102098.06497025158
2019-11-28 16:00:00.000,102108.2747767486
2019-11-29 00:00:00.000,102118.48560422627
2019-11-29 08:00:00.000,102128.6974527867
2019-11-29 16:00:00.000,102138.91032253197
2019-11-30 00:00:00.000,102149.12421356424
2019-11-30 08:00:00.000,102147.1568214319
2019-11-30 16:00:00.000,102157.37153711404
2019-12-01 00:00:00.000,102167.58727426776
2019-12-01 08:00:00.000,102177.80403299519
2019-12-01 16:00:00.000,102188.02181339847
2019-12-02 00:00:00.000,102198.24061557981
2019-12-02 08:00:00.000,102208.46043964136
2019-12-02 16:00:00.000,102210.21944724553
2019-12-03 00:00:00.000,102211.66878815729
2019-12-03 08:00:00.000,102220.76767091281
2019-12-03 16:00:00.000,102219.7199080442
2019-12-04 00:00:00.000,102219.35702803853
2019-12-04 08:00:00.000,102222.76399920827
2019-12-04 16:00:00.000,102217.37890400078
2019-12-05 00:00:00.000,102219.99975759588
2019-12-05 08:00:00.001,102210.01797461955
2019-12-05 16:00:00.000,102211.84651184113
2019-12-06 00:00:00.000,102219.7791732489
2019-12-06 08:00:00.000,102225.74267516586
2019-12-06 16:00:00.000,102232.43948356851
2019-12-07 00:00:00.000,102242.66272751686
2019-12-07 08:00:00.001,102246.55715054016
2019-12-07 16:00:00.000,102256.78180625521
2019-12-08 00:00:00.000,102267.00748443585
2019-12-08 08:00:00.000,102277.23418518428
2019-12-08 16:00:00.000,102287.46190860281
2019-12-09 00:00:00.000,102297.69065479367
2019-12-09 08:00:00.000,102307.92042385915
2019-12-09 16:00:00.000,102318.15121590153
2019-12-10 00:00:00.000,102328.38303102311
2019-12-10 08:00:00.001,102338.61586932623
2019-12-10 16:00:00.000,102348.84973091316
2019-12-11 00:00:00.000,102359.08461588626
2019-12-11 08:00:00.000,102363.24244190336
2019-12-11 16:00:00.000,102357.41592614356
2019-12-12 00:00:00.000,102360.65042048683
2019-12-12 08:00:00.001,102360.32286640549
2019-12-12 16:00:00.000,102351.60176689726
2019-12-13 00:00:00.000,102344.27134517871
2019-12-13 08:00:00.000,102332.61740300064
2019-12-13 16:00:00.000,102322.60824969246
2019-12-14 00:00:00.000,102317.12580434245
2019-12-14 08:00:00.000,102319.42998601556
2019-12-14 16:00:00.000,102329.66192901415
2019-12-15 00:00:00.000,102327.83227465887
2019-12-15 08:00:00.001,102336.00008223105
2019-12-15 16:00:00.000,102338.27705823288
2019-12-16 00:00:00.001,102324.49720922699
2019-12-16 08:00:00.000,102313.46458193788
2019-12-16 16:00:00.003,102309.72809421134
2019-12-17 00:00:00.008,102305.01570813532
2019-12-17 08:00:00.000,102291.27716757588
2019-12-17 16:00:00.000,102289.63436966458
2019-12-18 00:00:00.006,102275.55215570092
2019-12-18 08:00:00.000,102252.76720819167
2019-12-18 16:00:00.000,102237.33726561996
2019-12-19 00:00:00.001,102247.56099934653
2019-12-19 08:00:00.001,102257.78575544646
2019-12-19 16:00:00.000,102268.011534022
2019-12-20 00:00:00.000,102270.44858073686
2019-12-20 08:00:00.000,102271.50605717518
2019-12-20 16:00:00.000,102274.76851821842
2019-12-21 00:00:00.000,102274.52612701702
2019-12-21 08:00:00.000,102284.75357962972
2019-12-21 16:00:00.000,102294.98205498767
2019-12-22 00:00:00.000,102305.21155319319
2019-12-22 08:00:00.001,102315.44207434851
2019-12-22 16:00:00.000,102317.04842678909
2019-12-23 00:00:00.000,102327.28013163175
2019-12-23 08:00:00.000,102337.51285964492
2019-12-23 16:00:00.000,102347.74661093089
2019-12-24 00:00:00.000,102357.98138559198
2019-12-24 08:00:00.000,102368.21718373052
2019-12-24 16:00:00.000,102378.45400544889
2019-12-25 00:00:00.000,102388.69185084944
2019-12-25 08:00:00.000,102394.94472826079
2019-12-25 16:00:00.000,102405.18422273362
2019-12-26 00:00:00.000,102415.42474115588
2019-12-26 08:00:00.000,102425.66628363
2019-12-26 16:00:00.000,102422.74305511425
2019-12-27 00:00:00.001,102425.41116757084
2019-12-27 08:00:00.000,102419.57906465897
2019-12-27 16:00:00.000,102410.60301274974
2019-12-28 00:00:00.000,102402.71637221173
2019-12-28 08:00:00.000,102398.35708857577
2019-12-28 16:00:00.000,102400.57503699031
2019-12-29 00:00:00.000,102376.76690329422
2019-12-29 08:00:00.000,102387.00457998455
2019-12-29 16:00:00.000,102378.06926609486
2019-12-30 00:00:00.000,102367.59394204755
2019-12-30 08:00:00.000,102349.22919569434
2019-12-30 16:00:00.000,102347.79016553184
2019-12-31 00:00:00.000,102351.81857455276
2019-12-31 08:00:00.000,102338.46166222877
2019-12-31 16:00:00.000,102336.00246899504
2020-01-01 00:00:00.000,102323.35476244989
2020-01-01 08:00:00.000,102310.68406142965
2020-01-01 16:00:00.000,102300.79675692195
2020-01-02 00:00:00.002,102304.54301209917
2020-01-02 08:00:00.000,102314.7734664004
2020-01-02 16:00:00.000,102314.87987376477
2020-01-03 00:00:00.000,102313.17735416368
2020-01-03 08:00:00.000,102311.58843051938
2020-01-03 16:00:00.001,102321.81958936242
2020-01-04 00:00:00.000,102332.05177132135
2020-01-04 08:00:00.000,102332.13773024484
2020-01-04 16:00:00.000,102339.69700525897
2020-01-05 00:00:00.000,102349.9309749595
2020-01-05 08:00:00.000,102360.16596805699
2020-01-05 16:00:00.000,102370.40198465378
2020-01-06 00:00:00.000,102380.63902485227
2020-01-06 08:00:00.000,102390.87708875474
2020-01-06 16:00:00.000,102401.11617646362
2020-01-07 00:00:00.000,102411.35628808127
2020-01-07 08:00:00.001,102421.59742371006
2020-01-07 16:00:00.000,102431.83958345243
2020-01-08 00:00:00.000,102444.65790385791
2020-01-08 08:00:00.000,102454.90236964829
2020-01-08 16:00:00.001,102465.14785988526
2020-01-09 00:00:00.000,102475.39437467123
2020-01-09 08:00:00.000,102485.6419141087
2020-01-09 16:00:00.000,102495.8904783001
2020-01-10 00:00:00.000,102506.14006734792
2020-01-10 08:00:00.000,102516.39068135465
2020-01-10 16:00:00.000,102526.64232042279
2020-01-11 00:00:00.000,102536.89498465483
2020-01-11 08:00:00.000,102555.1937189338
2020-01-11 16:00:00.000,102565.44923830568
2020-01-12 00:00:00.000,102575.70578322952
2020-01-12 08:00:00.000,102585.96335380785
2020-01-12 16:00:00.000,102596.22195014324
2020-01-13 00:00:00.001,102606.48157233825
2020-01-13 08:00:00.000,102616.74222049548
2020-01-13 16:00:00.000,102627.00389471753
2020-01-14 00:00:00.000,102637.266595107
2020-01-14 08:00:00.000,102663.84964715512
2020-01-14 16:00:00.001,102674.11603211983
2020-01-15 00:00:00.000,102724.82883151041
2020-01-15 08:00:00.000,102744.8570913877
2020-01-15 16:00:00.000,102755.13157709684
2020-01-16 00:00:00.000,102765.40709025455
2020-01-16 08:00:00.000,102807.7371890891
2020-01-16 16:00:00.000,102840.086671673
2020-01-17 00:00:00.000,102850.37068034016
2020-01-17 08:00:00.000,102865.82600554229
2020-01-17 16:00:00.000,102924.20133314215
2020-01-18 00:00:00.001,102934.49375327546
2020-01-18 08:00:00.001,102964.53209724253
2020-01-18 16:00:00.000,102997.56414878464
2020-01-19 00:00:00.000,103018.2058906157
2020-01-19 08:00:00.000,103058.72192081042
2020-01-19 16:00:00.000,103154.01722920894
2020-01-20 00:00:00.000,103184.65603540637
2020-01-20 08:00:00.000,103194.9745010099
2020-01-20 16:00:00.000,103206.10098316059
2020-01-21 00:00:00.000,103218.54454275612
2020-01-21 08:00:00.000,103234.46600325183
2020-01-21 16:00:00.000,103250.71510820075
2020-01-22 00:00:00.000,103261.04017971156
2020-01-22 08:00:00.001,103283.1297814268
2020-01-22 16:00:00.000,103293.45809440494
2020-01-23 00:00:00.000,103303.78744021438
2020-01-23 08:00:00.000,103314.1178189584
2020-01-23 16:00:00.000,103368.15523514245
2020-01-24 00:00:00.000,103424.71725600558
2020-01-24 08:00:00.000,103468.2838839025
2020-01-24 16:00:00.001,103486.85437149396
2020-01-25 00:00:00.000,103497.2030569311
2020-01-25 08:00:00.000,103507.5527772368
2020-01-25 16:00:00.001,103517.90353251454
2020-01-26 00:00:00.000,103528.25532286779
2020-01-26 08:00:00.000,103538.60814840006
2020-01-26 16:00:00.000,103548.96200921491
2020-01-27 00:00:00.000,103559.31690541582
2020-01-27 08:00:00.001,103569.67283710637
2020-01-27 16:00:00.000,103580.02980439007
2020-01-28 00:00:00.000,103590.38780737051
2020-01-28 08:00:00.000,103661.54300885153
2020-01-28 16:00:00.000,103717.92866855576
2020-01-29 00:00:00.001,103782.56983041913
2020-01-29 08:00:00.000,103894.85530619575
2020-01-29 16:00:00.002,103950.64060980386
2020-01-30 00:00:00.000,103975.17296098777
2020-01-30 08:00:00.000,104001.03886476529
2020-01-30 16:00:00.000,104037.28530683042
2020-01-31 00:00:00.000,104092.99831348509
2020-01-31 08:00:00.000,104173.31022540385
2020-01-31 16:00:00.000,104214.83162339349
2020-02-01 00:00:00.000,104292.98336777618
2020-02-01 08:00:00.000,104361.46944116428
2020-02-01 16:00:00.000,104412.66082915457
2020-02-02 00:00:00.000,104442.17097948471
2020-02-02 08:00:00.000,104478.63800790391
2020-02-02 16:00:00.000,104547.09659067221
2020-02-03 00:00:00.000,104610.53263247054
2020-02-03 08:00:00.000,104648.04806168319
2020-02-03 16:00:00.000,104658.51286648937
2020-02-04 00:00:00.000,104762.41993123347
2020-02-04 08:00:00.001,104819.46306888603
2020-02-04 16:00:00.000,104859.49571822128
2020-02-05 00:00:00.002,104869.98166779311
2020-02-05 08:00:00.000,104880.46866595988
2020-02-05 16:00:00.000,104935.66830542345
2020-02-06 00:00:00.000,105107.78483793468
2020-02-06 08:00:00.000,105190.08318238494
2020-02-06 16:00:00.000,105248.64039789092
2020-02-07 00:00:00.000,105286.12785862785
2020-02-07 08:00:00.000,105306.89660020925
2020-02-07 16:00:00.001,105343.34963553637
2020-02-08 00:00:00.000,105385.3974335434
2020-02-08 08:00:00.000,105451.6405866622
2020-02-08 16:00:00.000,105556.36988351082
2020-02-09 00:00:00.000,105601.54589869357
2020-02-09 08:00:00.000,105687.63122289474
2020-02-09 16:00:00.000,105808.06650617847
2020-02-10 00:00:00.000,105920.99862980249
2020-02-10 08:00:00.000,106053.42318070943
2020-02-10 16:00:00.009,106157.26857161951
2020-02-11 00:00:00.000,106203.96609249148
2020-02-11 08:00:00.000,106272.78307640042
2020-02-11 16:00:00.000,106326.04699527832
2020-02-12 00:00:00.000,106645.02513626414
2020-02-12 08:00:00.001,106760.26041817512
2020-02-12 16:00:00.000,106871.16724710795
2020-02-13 00:00:00.001,106971.14843020264
2020-02-13 08:00:00.000,107061.43528861218
2020-02-13 16:00:00.000,107136.82152765631
2020-02-14 00:00:00.000,107204.66056304763
2020-02-14 08:00:00.000,107284.47764897664
2020-02-14 16:00:00.000,107344.50545991078
2020-02-15 00:00:00.000,107407.96001742332
2020-02-15 08:00:00.000,107511.9953674962
2020-02-15 16:00:00.000,107605.92752272882
2020-02-16 00:00:00.000,107661.023909739
2020-02-16 08:00:00.000,107700.82942010915
2020-02-16 16:00:00.000,107766.36214378639
2020-02-17 00:00:00.000,107812.89458129644
2020-02-17 08:00:00.000,107878.6173218332
2020-02-17 16:00:00.000,107976.86885134524
2020-02-18 00:00:00.000,108005.98697356838
2020-02-18 08:00:00.000,108021.05596887095
2020-02-18 16:00:00.000,108053.09717449245
2020-02-19 00:00:00.000,108103.22948945755
2020-02-19 08:00:00.001,108144.83517939116
2020-02-19 16:00:00.000,108188.9117698652
2020-02-20 00:00:00.004,108199.73066104218
2020-02-20 08:00:00.000,108210.5506341083
2020-02-20 16:00:00.000,108221.37168917169
2020-02-21 00:00:00.000,108232.19382634062
2020-02-21 08:00:00.000,108243.01704572326
2020-02-21 16:00:00.000,108253.84134742783
2020-02-22 00:00:00.000,108264.66673156258
2020-02-22 08:00:00.001,108275.49319823575
2020-02-22 16:00:00.000,108288.74936686801
2020-02-23 00:00:00.000,108320.87105859272
2020-02-23 08:00:00.000,108363.12703039266
2020-02-23 16:00:00.000,108433.89682139366
2020-02-24 00:00:00.015,108486.78437022933
2020-02-24 08:00:00.000,108502.60933746543
2020-02-24 16:00:00.000,108513.45959839917
2020-02-25 00:00:00.001,108548.60602282849
2020-02-25 08:00:00.000,108578.3081778945
2020-02-25 16:00:00.001,108629.28460780095
2020-02-26 00:00:00.000,108668.5758200436
2020-02-26 08:00:00.001,108723.59471998128
2020-02-26 16:00:00.000,108765.6272617
2020-02-27 00:00:00.001,108784.51223756144
2020-02-27 08:00:00.001,108795.3906887852
2020-02-27 16:00:00.000,108806.2702278541
2020-02-28 00:00:00.000,108817.15085487689
2020-02-28 08:00:00.000,108829.83784649505
2020-02-28 16:00:00.000,108855.52604142035
2020-02-29 00:00:00.000,108922.51137792521
2020-02-29 08:00:00.000,108988.04569612085
2020-02-29 16:00:00.000,109055.99429321011
2020-03-01 00:00:00.000,109109.77743791568
2020-03-01 08:00:00.000,109140.25507204741
2020-03-01 16:00:00.001,109174.12456740392
2020-03-02 00:00:00.000,109194.56196352295
2020-03-02 08:00:00.000,109205.4814197193
2020-03-02 16:00:00.004,109216.40196786128
2020-03-03 00:00:00.000,109227.32360805807
2020-03-03 08:00:00.003,109238.24634041887
2020-03-03 16:00:00.000,109249.17016505291
2020-03-04 00:00:00.002,109260.09508206941
2020-03-04 08:00:00.000,109271.02109157763
2020-03-04 16:00:00.001,109297.6045455888
2020-03-05 00:00:00.000,109308.53430604335
2020-03-05 08:00:00.000,109334.20104298375
2020-03-05 16:00:00.000,109355.54417236935
2020-03-06 00:00:00.003,109377.82317738359
2020-03-06 08:00:00.000,109401.62269792877
2020-03-06 16:00:00.000,109440.6856413293
2020-03-07 00:00:00.000,109483.88844639307
2020-03-07 08:00:00.001,109519.01744683998
2020-03-07 16:00:00.000,109554.84549820755
2020-03-08 00:00:00.001,109614.75556546827
2020-03-08 08:00:00.000,109669.28561791942
2020-03-08 16:00:00.006,109716.35677199949
2020-03-09 00:00:00.000,109727.3284076767
2020-03-09 08:00:00.000,109738.30114051746
2020-03-09 16:00:00.000,109749.27497063152
2020-03-10 00:00:00.000,109760.24989812858
2020-03-10 08:00:00.000,109771.22592311839
2020-03-10 16:00:00.000,109782.20304571069
2020-03-11 00:00:00.001,109793.18126601526
2020-03-11 08:00:00.000,109804.16058414186
2020-03-11 16:00:00.000,109829.30354083242
2020-03-12 00:00:00.001,109840.91469480278
2020-03-12 08:00:00.001,109851.89878627224
2020-03-12 16:00:00.000,109835.25732212511
2020-03-13 00:00:00.000,109817.60350121572
2020-03-13 08:00:00.000,109488.15069071208
2020-03-13 16:00:00.002,109416.5695275535
2020-03-14 00:00:00.000,109332.95229095484
2020-03-14 08:00:00.001,109327.54468313453
2020-03-14 16:00:00.000,109272.52559627274
2020-03-15 00:00:00.000,109220.19170558892
2020-03-15 08:00:00.000,109160.98562406914
2020-03-15 16:00:00.001,109107.72597918317
2020-03-16 00:00:00.000,109076.86813212174
2020-03-16 08:00:00.000,109036.64821853538
2020-03-16 16:00:00.001,108938.12488393809
2020-03-17 00:00:00.000,108912.16492877825
2020-03-17 08:00:00.000,108908.15587198721
2020-03-17 16:00:00.000,108896.64101266688
2020-03-18 00:00:00.000,108880.62667263956
2020-03-18 08:00:00.000,108841.94356359531
2020-03-18 16:00:00.000,108805.61865335041
2020-03-19 00:00:00.000,108789.25211219257
2020-03-19 08:00:00.000,108765.31412515779
2020-03-19 16:00:00.000,108735.85068921444
2020-03-20 00:00:00.000,108719.03034047132
2020-03-20 08:00:00.000,108717.75724062604
2020-03-20 16:00:00.000,108728.6290163501
2020-03-21 00:00:00.000,108737.68284928829
2020-03-21 08:00:00.000,108736.6878994902
2020-03-21 16:00:00.000,108724.12120046966
2020-03-22 00:00:00.000,108721.03126094515
2020-03-22 08:00:00.001,108731.90336407123
2020-03-22 16:00:00.000,108732.14692353476
2020-03-23 00:00:00.000,108713.88427213748
2020-03-23 08:00:00.000,108696.16934469534
2020-03-23 16:00:00.000,108707.0389616298
2020-03-24 00:00:00.000,108717.90966552596
2020-03-24 08:00:00.000,108728.78145649252
2020-03-24 16:00:00.000,108739.65433463817
2020-03-25 00:00:00.000,108750.52830007163
2020-03-25 08:00:00.000,108761.35767767976
2020-03-25 16:00:00.001,108772.03042970867
2020-03-26 00:00:00.006,108770.26832281571
2020-03-26 08:00:00.002,108781.145349648
2020-03-26 16:00:00.000,108782.88476016215
2020-03-27 00:00:00.000,108789.65431908079
2020-03-27 08:00:00.000,108797.09335564314
2020-03-27 16:00:00.000,108797.25437534132
2020-03-28 00:00:00.000,108783.97784638988
2020-03-28 08:00:00.000,108739.09031361113
2020-03-28 16:00:00.000,108715.54830055824
2020-03-29 00:00:00.000,108690.23714660289
2020-03-29 08:00:00.001,108658.58654954578
2020-03-29 16:00:00.000,108630.75582577284
2020-03-30 00:00:00.000,108560.89538670129
2020-03-30 08:00:00.000,108524.18334870836
2020-03-30 16:00:00.000,108516.60619022696
2020-03-31 00:00:00.000,108510.76474131574
2020-03-31 08:00:00.001,108494.19189221678
2020-03-31 16:00:00.001,108476.61583313024
2020-04-01 00:00:00.002,108466.59584812574
2020-04-01 08:00:00.000,108413.79430926687
2020-04-01 16:00:00.001,108375.86791160368
2020-04-02 00:00:00.000,108354.91885633637
2020-04-02 08:00:00.000,108358.47289767486
2020-04-02 16:00:00.000,108368.67701506763
2020-04-03 00:00:00.000,108378.48112927718
2020-04-03 08:00:00.000,108378.56674827728
2020-04-03 16:00:00.000,108389.4046049521
2020-04-04 00:00:00.000,108396.1074057329
2020-04-04 08:00:00.000,108402.23720560668
2020-04-04 16:00:00.000,108393.81435177581
2020-04-05 00:00:00.001,108388.9420498207
2020-04-05 08:00:00.000,108393.49221760794
2020-04-05 16:00:00.000,108397.67512247263
2020-04-06 00:00:00.000,108400.23764351252
2020-04-06 08:00:00.000,108400.94658106672
2020-04-06 16:00:00.000,108391.76393688183
2020-04-07 00:00:00.000,108377.79982593385
2020-04-07 08:00:00.000,108374.64061306891
2020-04-07 16:00:00.000,108375.86633025427
2020-04-08 00:00:00.000,108372.87190506757
2020-04-08 08:00:00.000,108383.70919225809
2020-04-08 16:00:00.000,108390.94597252086
2020-04-09 00:00:00.000,108401.78506711811
2020-04-09 08:00:00.001,108390.93946852213
2020-04-09 16:00:00.000,108381.34253474159
2020-04-10 00:00:00.001,108375.92021617456
2020-04-10 08:00:00.000,108386.75780819618
2020-04-10 16:00:00.000,108397.596483977
2020-04-11 00:00:00.000,108408.4362436254
2020-04-11 08:00:00.000,108419.27708724976
2020-04-11 16:00:00.000,108430.11901495849
2020-04-12 00:00:00.000,108440.96202685998
2020-04-12 08:00:00.006,108451.80612306266
2020-04-12 16:00:00.001,108460.97355423425
2020-04-13 00:00:00.001,108469.60054007075
2020-04-13 08:00:00.000,108447.61266734527
2020-04-13 16:00:00.000,108444.4872071482
2020-04-14 00:00:00.000,108443.13815772733
2020-04-14 08:00:00.000,108449.05264648245
2020-04-14 16:00:00.000,108427.3324702184
2020-04-15 00:00:00.000,108413.45051884226
2020-04-15 08:00:00.000,108408.43097608324
2020-04-15 16:00:00.000,108411.60192268931
2020-04-16 00:00:00.000,108403.9946805824
2020-04-16 08:00:00.000,108354.12775898939
2020-04-16 16:00:00.000,108361.02341567997
2020-04-17 00:00:00.000,108367.44488992757
2020-04-17 08:00:00.000,108371.06978095917
2020-04-17 16:00:00.000,108363.7319758243
2020-04-18 00:00:00.000,108360.3380237388
2020-04-18 08:00:00.000,108341.75964378465
2020-04-18 16:00:00.000,108320.47915535542
2020-04-19 00:00:00.000,108299.74444923551
2020-04-19 08:00:00.000,108293.28328648167
2020-04-19 16:00:00.000,108302.50337662066
2020-04-20 00:00:00.000,108301.08461382643
2020-04-20 08:00:00.000,108299.05505150076
2020-04-20 16:00:00.000,108292.8148599487
2020-04-21 00:00:00.000,108282.87357954455
2020-04-21 08:00:00.001,108274.7101337054
2020-04-21 16:00:00.000,108285.53760471877
2020-04-22 00:00:00.001,108282.65396085235
2020-04-22 08:00:00.000,108270.30757264773
2020-04-22 16:00:00.000,108236.47959774974
2020-04-23 00:00:00.000,108212.2995682076
2020-04-23 08:00:00.001,108195.5364008815
2020-04-23 16:00:00.000,108206.35595452157
2020-04-24 00:00:00.000,108217.17659011703
2020-04-24 08:00:00.000,108227.99830777603
2020-04-24 16:00:00.000,108238.82110760681
2020-04-25 00:00:00.003,108249.64498971756
2020-04-25 08:00:00.000,108260.46995421655
2020-04-25 16:00:00.000,108271.29600121197
2020-04-26 00:00:00.000,108282.12313081209
2020-04-26 08:00:00.000,108290.2367102983
2020-04-26 16:00:00.000,108301.06573396931
2020-04-27 00:00:00.000,108311.89584054271
2020-04-27 08:00:00.005,108322.72703012676
2020-04-27 16:00:00.000,108333.55930282977
2020-04-28 00:00:00.000,108344.39265876006
2020-04-28 08:00:00.000,108355.22709802593
2020-04-28 16:00:00.000,108366.06262073574
2020-04-29 00:00:00.000,108376.8992269978
2020-04-29 08:00:00.001,108387.73691692049
2020-04-29 16:00:00.000,108398.5756906122
2020-04-30 00:00:00.000,108412.89297448941
2020-04-30 08:00:00.000,108518.61397533136
2020-04-30 16:00:00.000,108529.4658367289
2020-05-01 00:00:00.000,108552.33516577001
2020-05-01 08:00:00.000,108571.74975091439
2020-05-01 16:00:00.000,108586.4373372207
2020-05-02 00:00:00.000,108597.29598095443
2020-05-02 08:00:00.000,108608.15571055251
2020-05-02 16:00:00.000,108619.17292186778
2020-05-03 00:00:00.000,108630.03483915995
2020-05-03 08:00:00.000,108651.5544490616
2020-05-03 16:00:00.000,108668.02819774717
2020-05-04 00:00:00.000,108680.98686010974
2020-05-04 08:00:00.005,108691.85495879574
2020-05-04 16:00:00.000,108702.72414429163
2020-05-05 00:00:00.000,108713.59441670605
2020-05-05 08:00:00.000,108724.46577614771
2020-05-05 16:00:00.000,108735.33822272532
2020-05-06 00:00:00.001,108746.2117565476
2020-05-06 08:00:00.000,108757.08637772326
2020-05-06 16:00:00.000,108796.2182649728
2020-05-07 00:00:00.000,108807.0978867993
2020-05-07 08:00:00.011,108817.97859658797
2020-05-07 16:00:00.000,108828.86039444763
2020-05-08 00:00:00.000,108846.3753112395
2020-05-08 08:00:00.001,108883.40049426537
2020-05-08 16:00:00.000,108941.31557498826
2020-05-09 00:00:00.000,108987.11123581653
2020-05-09 08:00:00.000,109069.74090407106
2020-05-09 16:00:00.000,109133.02098634881
2020-05-10 00:00:00.000,109179.2126288115
2020-05-10 08:00:00.000,109190.13055007438
2020-05-10 16:00:00.000,109201.04956312939
2020-05-11 00:00:00.000,109211.9696680857
2020-05-11 08:00:00.000,109222.89086505253
2020-05-11 16:00:00.000,109233.81315413903
2020-05-12 00:00:00.000,109244.73653545443
2020-05-12 08:00:00.001,109255.66100910798
2020-05-12 16:00:00.000,109266.58657520889
2020-05-13 00:00:00.000,109277.51323386641
2020-05-13 08:00:00.000,109288.4409851898
2020-05-13 16:00:00.000,109299.36982928832
2020-05-14 00:00:00.000,109310.29976627124
2020-05-14 08:00:00.000,109321.23079624787
2020-05-14 16:00:00.000,109332.1629193275
2020-05-15 00:00:00.000,109343.09613561943
2020-05-15 08:00:00.000,109347.9072318494
2020-05-15 16:00:00.001,109358.84202257257
2020-05-16 00:00:00.008,109369.77790677482
2020-05-16 08:00:00.000,109380.71488456549
2020-05-16 16:00:00.000,109391.65295605395
2020-05-17 00:00:00.002,109400.40538220697
2020-05-17 08:00:00.000,109404.91814892899
2020-05-17 16:00:00.000,109405.88966460215
2020-05-18 00:00:00.000,109416.83025356861
2020-05-18 08:00:00.000,109427.77193659397
2020-05-18 16:00:00.001,109420.50593253739
2020-05-19 00:00:00.005,109431.44798313062
2020-05-19 08:00:00.000,109440.08431300544
2020-05-19 16:00:00.000,109451.02832143674
2020-05-20 00:00:00.000,109461.97342426889
2020-05-20 08:00:00.000,109472.91962161132
2020-05-20 16:00:00.006,109483.86691357348
2020-05-21 00:00:00.000,109473.9838049072
2020-05-21 08:00:00.000,109481.4378884645
2020-05-21 16:00:00.000,109492.38603225333
2020-05-22 00:00:00.006,109486.74717437268
2020-05-22 08:00:00.000,109484.12387191037
2020-05-22 16:00:00.000,109491.64214669667
2020-05-23 00:00:00.003,109489.35158154296
2020-05-23 08:00:00.000,109488.16800165235
2020-05-23 16:00:00.000,109495.8573556911
2020-05-24 00:00:00.006,109506.80694142666
2020-05-24 08:00:00.000,109515.47659533223
2020-05-24 16:00:00.000,109522.84041597848
2020-05-25 00:00:00.000,109530.2704454723
2020-05-25 08:00:00.000,109525.57597808102
2020-05-25 16:00:00.000,109520.94742724019
2020-05-26 00:00:00.000,109520.9090949086
2020-05-26 08:00:00.006,109531.86118581808
2020-05-26 16:00:00.000,109536.89855611401
2020-05-27 00:00:00.000,109539.20321245964
2020-05-27 08:00:00.000,109550.15713278089
2020-05-27 16:00:00.000,109534.79272324302
2020-05-28 00:00:00.000,109522.3429987021
2020-05-28 08:00:00.000,109514.82757552553
2020-05-28 16:00:00.000,109513.5276345222
2020-05-29 00:00:00.000,109516.3946986757
2020-05-29 08:00:00.000,109518.45032140419
2020-05-29 16:00:00.000,109517.78882996425
2020-05-30 00:00:00.000,109528.74060884725
2020-05-30 08:00:00.001,109539.69348290813
2020-05-30 16:00:00.000,109550.64745225642
2020-05-31 00:00:00.000,109561.60251700165
2020-05-31 08:00:00.001,109572.55867725336
2020-05-31 16:00:00.000,109583.51593312107
2020-06-01 00:00:00.000,109594.47428471438
2020-06-01 08:00:00.001,109591.28398956795
2020-06-01 16:00:00.000,109592.31195581178
2020-06-02 00:00:00.000,109630.09938497415
2020-06-02 08:00:00.002,109715.95071580251
2020-06-02 16:00:00.000,109726.92231087408
2020-06-03 00:00:00.000,109737.89500310518
2020-06-03 08:00:00.000,109747.38294150714
2020-06-03 16:00:00.002,109758.3576798013
2020-06-04 00:00:00.001,109769.33351556926
2020-06-04 08:00:00.004,109780.3104489208
2020-06-04 16:00:00.001,109791.28847996569
2020-06-05 00:00:00.001,109802.26760881368
2020-06-05 08:00:00.000,109813.24783557456
2020-06-05 16:00:00.001,109824.22916035813
2020-06-06 00:00:00.000,109835.21158327415
2020-06-06 08:00:00.000,109846.1951044325
2020-06-06 16:00:00.000,109857.17972394293
2020-06-07 00:00:00.000,109868.16544191533
2020-06-07 08:00:00.000,109879.15225845952
2020-06-07 16:00:00.006,109890.14017368537
2020-06-08 00:00:00.008,109901.12918770274
2020-06-08 08:00:00.007,109912.1193006215
2020-06-08 16:00:00.000,109923.11051255158
2020-06-09 00:00:00.000,109934.10282360284
2020-06-09 08:00:00.000,109945.0962338852
2020-06-09 16:00:00.000,109956.09074350858
2020-06-10 00:00:00.000,109967.08635258295
2020-06-10 08:00:00.000,109978.08306121819
2020-06-10 16:00:00.000,109989.0808695243
2020-06-11 00:00:00.008,110000.07977761126
2020-06-11 08:00:00.001,110011.07978558901
2020-06-11 16:00:00.000,110022.08089356757
2020-06-12 00:00:00.003,110033.08310165694
2020-06-12 08:00:00.000,110028.88423920578
2020-06-12 16:00:00.002,110039.57244502078
2020-06-13 00:00:00.000,110037.4354765239
2020-06-13 08:00:00.001,110045.37687824223
2020-06-13 16:00:00.000,110056.38141593007
2020-06-14 00:00:00.007,110064.19762013822
2020-06-14 08:00:00.000,110075.20403990023
2020-06-14 16:00:00.001,110086.21156030423
2020-06-15 00:00:00.000,110097.22018146026
2020-06-15 08:00:00.001,110092.65224779495
2020-06-15 16:00:00.000,110072.60107304105
2020-06-16 00:00:00.002,110055.85352678777
2020-06-16 08:00:00.000,110066.85911214045
2020-06-16 16:00:00.006,110077.86579805166
2020-06-17 00:00:00.000,110086.41224355223
2020-06-17 08:00:00.007,110077.25305405355
2020-06-17 16:00:00.000,110085.51985575794
2020-06-18 00:00:00.003,110074.50579949639
2020-06-18 08:00:00.001,110061.74926501929
2020-06-18 16:00:00.002,110070.14037278324
2020-06-19 00:00:00.001,110069.96756266285
2020-06-19 08:00:00.003,110072.10292003358
2020-06-19 16:00:00.000,110083.11013032557
2020-06-20 00:00:00.000,110094.1184413386
2020-06-20 08:00:00.009,110095.42415758333
2020-06-20 16:00:00.006,110106.43369999908
2020-06-21 00:00:00.000,110103.06774632088
2020-06-21 08:00:00.000,110101.64741674696
2020-06-21 16:00:00.000,110112.65758148863
2020-06-22 00:00:00.000,110123.66884724678
2020-06-22 08:00:00.000,110131.13963694139
2020-06-22 16:00:00.001,110142.1527509051
2020-06-23 00:00:00.000,110153.16696618019
2020-06-23 08:00:00.002,110164.1822828768
2020-06-23 16:00:00.000,110177.63883774265
2020-06-24 00:00:00.001,110190.07348606188
2020-06-24 08:00:00.000,110201.0924934105
2020-06-24 16:00:00.000,110212.11260265984
2020-06-25 00:00:00.000,110223.13381392011
2020-06-25 08:00:00.000,110234.1561273015
2020-06-25 16:00:00.000,110245.17954291422
2020-06-26 00:00:00.000,110255.54369224304
2020-06-26 08:00:00.000,110266.56924661227
2020-06-26 16:00:00.000,110277.59590353692
2020-06-27 00:00:00.003,110288.62366312726
2020-06-27 08:00:00.004,110299.65252549357
2020-06-27 16:00:00.000,110310.68249074611
2020-06-28 00:00:00.003,110321.71355899518
2020-06-28 08:00:00.001,110332.74573035107
2020-06-28 16:00:00.000,110338.11562508577
2020-06-29 00:00:00.000,110349.14943664828
2020-06-29 08:00:00.005,110360.18435159193
2020-06-29 16:00:00.000,110371.22037002709
2020-06-30 00:00:00.000,110382.25749206409
2020-06-30 08:00:00.001,110393.29571781331
2020-06-30 16:00:00.002,110404.33504738509
2020-07-01 00:00:00.002,110415.37548088982
2020-07-01 08:00:00.000,110426.41701843792
2020-07-01 16:00:00.000,110437.45966013976
2020-07-02 00:00:00.001,110448.50340610577
2020-07-02 08:00:00.001,110459.54825644637
2020-07-02 16:00:00.000,110470.59421127201
2020-07-03 00:00:00.000,110481.64127069313
2020-07-03 08:00:00.001,110492.6894348202
2020-07-03 16:00:00.000,110503.7387037637
2020-07-04 00:00:00.002,110514.78907763405
2020-07-04 08:00:00.002,110525.84055654182
2020-07-04 16:00:00.001,110536.89314059747
2020-07-05 00:00:00.000,110547.94682991154
2020-07-05 08:00:00.000,110559.00162459453
2020-07-05 16:00:00.000,110570.057524757
2020-07-06 00:00:00.000,110581.11453050947
2020-07-06 08:00:00.001,110592.17264196253
2020-07-06 16:00:00.000,110603.23185922671
2020-07-07 00:00:00.000,110614.29218241264
2020-07-07 08:00:00.006,110625.35361163088
2020-07-07 16:00:00.000,110636.41614699205
2020-07-08 00:00:00.000,110647.47978860674
2020-07-08 08:00:00.000,110658.54453658558
2020-07-08 16:00:00.000,110669.61039103924
2020-07-09 00:00:00.001,110680.67735207833
2020-07-09 08:00:00.002,110691.74541981355
2020-07-09 16:00:00.000,110702.81459435554
2020-07-10 00:00:00.000,110713.88487581497
2020-07-10 08:00:00.001,110724.95626430254
2020-07-10 16:00:00.000,110736.02875992896
2020-07-11 00:00:00.000,110747.10236280496
2020-07-11 08:00:00.000,110758.17707304122
2020-07-11 16:00:00.000,110769.25289074852
2020-07-12 00:00:00.000,110780.3298160376
2020-07-12 08:00:00.000,110791.40784901919
2020-07-12 16:00:00.000,110802.4869898041
2020-07-13 00:00:00.000,110813.56723850309
2020-07-13 08:00:00.001,110824.64859522694
2020-07-13 16:00:00.000,110835.73106008646
2020-07-14 00:00:00.001,110846.81463319247
2020-07-14 08:00:00.000,110857.89931465578
2020-07-14 16:00:00.000,110868.98510458725
2020-07-15 00:00:00.000,110880.07200309771
2020-07-15 08:00:00.000,110891.16001029802
2020-07-15 16:00:00.000,110902.24912629905
2020-07-16 00:00:00.000,110913.33935121167
2020-07-16 08:00:00.002,110924.43068514678
2020-07-16 16:00:00.001,110935.52312821531
2020-07-17 00:00:00.001,110946.61668052812
2020-07-17 08:00:00.000,110957.71134219617
2020-07-17 16:00:00.000,110968.80711333039
2020-07-18 00:00:00.003,110979.90399404171
2020-07-18 08:00:00.001,110991.00198444111
2020-07-18 16:00:00.000,111002.10108463957
2020-07-19 00:00:00.000,111013.20129474803
2020-07-19 08:00:00.000,111024.3026148775
2020-07-19 16:00:00.000,111035.40504513898
2020-07-20 00:00:00.000,111046.50858564349
2020-07-20 08:00:00.000,111057.61323650205
2020-07-20 16:00:00.001,111068.71899782571
2020-07-21 00:00:00.000,111079.8258697255
2020-07-21 08:00:00.001,111090.93385231246
2020-07-21 16:00:00.004,111102.04294569767
2020-07-22 00:00:00.000,111113.15314999224
2020-07-22 08:00:00.000,111124.26446530723
2020-07-22 16:00:00.000,111135.37689175377
2020-07-23 00:00:00.001,111146.49042944293
2020-07-23 08:00:00.000,111157.60507848588
2020-07-23 16:00:00.001,111168.72083899374
2020-07-24 00:00:00.000,111179.83771107765
2020-07-24 08:00:00.000,111190.95569484876
2020-07-24 16:00:00.000,111202.07479041824
2020-07-25 00:00:00.000,111213.19499789728
2020-07-25 08:00:00.001,111224.31631739707
2020-07-25 16:00:00.000,111235.43874902882
2020-07-26 00:00:00.000,111246.5622929037
2020-07-26 08:00:00.000,111257.686949133
2020-07-26 16:00:00.000,111330.4906417419
2020-07-27 00:00:00.000,111382.96960842061
2020-07-27 08:00:00.000,111479.86499517204
2020-07-27 16:00:00.000,111537.70966752074
2020-07-28 00:00:00.000,111693.28692647337
2020-07-28 08:00:00.001,111829.61081703287
2020-07-28 16:00:00.000,111938.72967808369
2020-07-29 00:00:00.000,112032.33396322778
2020-07-29 08:00:00.000,112108.74897757743
2020-07-29 16:00:00.000,112178.094965345
2020-07-30 00:00:00.000,112247.37503501466
2020-07-30 08:00:00.001,112328.56243890373
2020-07-30 16:00:00.000,112406.26459868521
2020-07-31 00:00:00.000,112499.1728726266
2020-07-31 08:00:00.001,112543.43904716852
2020-07-31 16:00:00.000,112585.88593063956
2020-08-01 00:00:00.005,112617.3086514028
2020-08-01 08:00:00.000,112651.97788987114
2020-08-01 16:00:00.001,112707.17285295804
2020-08-02 00:00:00.000,112814.8837168384
2020-08-02 08:00:00.001,112862.75107199946
2020-08-02 16:00:00.001,112890.68686014481
2020-08-03 00:00:00.000,112919.86910269815
2020-08-03 08:00:00.001,112971.73206937834
2020-08-03 16:00:00.000,113021.13573752959
2020-08-04 00:00:00.003,113056.3000034916
2020-08-04 08:00:00.000,113090.94836775366
2020-08-04 16:00:00.000,113134.62069928483
2020-08-05 00:00:00.000,113150.34414886963
2020-08-05 08:00:00.000,113169.14181554307
2020-08-05 16:00:00.000,113194.0888211649
2020-08-06 00:00:00.000,113238.08396766703
2020-08-06 08:00:00.007,113281.90257663914
2020-08-06 16:00:00.000,113322.79621065027
2020-08-07 00:00:00.001,113358.72746964477
2020-08-07 08:00:00.000,113382.76065345561
2020-08-07 16:00:00.000,113409.8976833904
2020-08-08 00:00:00.000,113421.23867315875
2020-08-08 08:00:00.000,113432.58079702605
2020-08-08 16:00:00.000,113443.92405510574
2020-08-09 00:00:00.000,113455.26844751126
2020-08-09 08:00:00.000,113479.1689343624
2020-08-09 16:00:00.000,113495.7073884429
2020-08-10 00:00:00.001,113507.05695918175
2020-08-10 08:00:00.000,113656.77049716978
2020-08-10 16:00:00.001,113691.11530007863
2020-08-11 00:00:00.001,113706.31807601654
2020-08-11 08:00:00.000,113732.1703444943
2020-08-11 16:00:00.001,113800.20037950756
2020-08-12 00:00:00.000,113811.5803995455
2020-08-12 08:00:00.000,113822.96155758547
2020-08-12 16:00:00.000,113834.34385374123
2020-08-13 00:00:00.002,113845.72728812661
2020-08-13 08:00:00.000,113857.11186085541
2020-08-13 16:00:00.000,113868.4975720415
2020-08-14 00:00:00.000,113888.53615024424
2020-08-14 08:00:00.000,113938.69038379408
2020-08-14 16:00:00.000,113969.94718472706
2020-08-15 00:00:00.000,113981.34417944554
2020-08-15 08:00:00.001,114023.1183420873
2020-08-15 16:00:00.001,114048.09396592894
2020-08-16 00:00:00.000,114065.93108782521
2020-08-16 08:00:00.000,114121.56902703195
2020-08-16 16:00:00.000,114157.54471045201
2020-08-17 00:00:00.000,114187.61609087964
2020-08-17 08:00:00.000,114233.06961334076
2020-08-17 16:00:00.000,114331.03589384117
2020-08-18 00:00:00.001,114468.12452242969
2020-08-18 08:00:00.008,114557.64546389368
2020-08-18 16:00:00.000,114672.38181928449
2020-08-19 00:00:00.000,114761.01554336406
2020-08-19 08:00:00.000,114824.04688354112
2020-08-19 16:00:00.000,114851.66321505707
2020-08-20 00:00:00.001,114879.44468387216
2020-08-20 08:00:00.000,114892.75921151103
2020-08-20 16:00:00.000,114913.7627568225
2020-08-21 00:00:00.000,114925.25413309818
2020-08-21 08:00:00.000,114936.74665851147
2020-08-21 16:00:00.017,114948.24033317732
2020-08-22 00:00:00.000,114959.73515721063
2020-08-22 08:00:00.000,114971.23113072636
2020-08-22 16:00:00.000,114982.72825383944
2020-08-23 00:00:00.000,114994.22652666482
2020-08-23 08:00:00.000,115005.72594931748
2020-08-23 16:00:00.000,115017.22652191242
2020-08-24 00:00:00.006,115028.7282445646
2020-08-24 08:00:00.001,115040.23111738906
2020-08-24 16:00:00.000,115051.7351405008
2020-08-25 00:00:00.000,115063.24031401485
2020-08-25 08:00:00.000,115074.74663804624
2020-08-25 16:00:00.000,115123.74546516471
2020-08-26 00:00:00.000,115150.58771765738
2020-08-26 08:00:00.008,115162.10277642915
2020-08-26 16:00:00.002,115177.11761138916
2020-08-27 00:00:00.000,115188.63532315029
2020-08-27 08:00:00.010,115200.15418668262
2020-08-27 16:00:00.000,115211.67420210128
2020-08-28 00:00:00.000,115223.19536952148
2020-08-28 08:00:00.001,115234.71768905844
2020-08-28 16:00:00.000,115246.24116082735
2020-08-29 00:00:00.002,115257.76578494345
2020-08-29 08:00:00.006,115269.29156152195
2020-08-29 16:00:00.003,115280.81849067811
2020-08-30 00:00:00.000,115292.34657252718
2020-08-30 08:00:00.000,115303.87580718443
2020-08-30 16:00:00.000,115315.40619476516
2020-08-31 00:00:00.000,115326.93773538465
2020-08-31 08:00:00.001,115338.47042915819
2020-08-31 16:00:00.001,115356.30291007124
2020-09-01 00:00:00.000,115367.83854036225
2020-09-01 08:00:00.000,115394.32814976951
2020-09-01 16:00:00.000,115448.4019319405
2020-09-02 00:00:00.000,115486.37868375602
2020-09-02 08:00:00.006,115526.88437621556
2020-09-02 16:00:00.000,115578.91537440092
2020-09-03 00:00:00.001,115603.64232755614
2020-09-03 08:00:00.004,115623.09610848702
2020-09-03 16:00:00.000,115651.66541930447
2020-09-04 00:00:00.005,115663.2305858464
2020-09-04 08:00:00.000,115674.79690890499
2020-09-04 16:00:00.006,115686.36438859587
2020-09-05 00:00:00.000,115697.93302503473
2020-09-05 08:00:00.004,115709.50281833723
2020-09-05 16:00:00.001,115721.07376861907
2020-09-06 00:00:00.004,115732.64587599592
2020-09-06 08:00:00.000,115744.21914058353
2020-09-06 16:00:00.000,115755.7935624976
2020-09-07 00:00:00.002,115767.36914185384
2020-09-07 08:00:00.004,115778.94587876802
2020-09-07 16:00:00.001,115790.5237733559
2020-09-08 00:00:00.007,115802.10282573325
2020-09-08 08:00:00.006,115813.68303601582
2020-09-08 16:00:00.014,115825.26440431942
2020-09-09 00:00:00.000,115836.84693075984
2020-09-09 08:00:00.000,115848.43061545292
2020-09-09 16:00:00.000,115860.01545851445
2020-09-10 00:00:00.000,115871.60146006031
2020-09-10 08:00:00.005,115883.1886202063
2020-09-10 16:00:00.000,115894.77693906831
2020-09-11 00:00:00.000,115906.36641676222
2020-09-11 08:00:00.008,115917.95705340388
2020-09-11 16:00:00.000,115929.54884910923
2020-09-12 00:00:00.008,115941.14180399413
2020-09-12 08:00:00.000,115952.73591817453
2020-09-12 16:00:00.008,115964.33119176635
2020-09-13 00:00:00.000,115975.92762488552
2020-09-13 08:00:00.000,115987.52521764798
2020-09-13 16:00:00.004,115999.12397016976
2020-09-14 00:00:00.003,116010.72388256677
2020-09-14 08:00:00.008,116022.32495495501
2020-09-14 16:00:00.000,116023.33202873563
2020-09-15 00:00:00.000,115997.49363269283
2020-09-15 08:00:00.010,115994.25034277084
2020-09-15 16:00:00.003,115988.26967922317
2020-09-16 00:00:00.014,115975.30103079035
2020-09-16 08:00:00.000,115973.575318311
2020-09-16 16:00:00.001,115969.86648337233
2020-09-17 00:00:00.006,115969.21357302403
2020-09-17 08:00:00.012,115972.64278266938
2020-09-17 16:00:00.000,115972.75643585931
2020-09-18 00:00:00.001,115983.68686815341
2020-09-18 08:00:00.002,115990.15759804379
2020-09-18 16:00:00.002,115995.91882917166
2020-09-19 00:00:00.000,115982.5213005469
2020-09-19 08:00:00.005,115969.78641970808
2020-09-19 16:00:00.008,115963.11931668682
2020-09-20 00:00:00.002,115955.60954507986
2020-09-20 08:00:00.005,115942.62483592301
2020-09-20 16:00:00.005,115934.94363702764
2020-09-21 00:00:00.000,115926.24156015823
2020-09-21 08:00:00.001,115912.2481035395
2020-09-21 16:00:00.000,115923.83932834986
2020-09-22 00:00:00.001,115935.43171228269
2020-09-22 08:00:00.000,115947.0252554539
2020-09-22 16:00:00.004,115958.61995797945
2020-09-23 00:00:00.007,115963.63052994784
2020-09-23 08:00:00.001,115960.61083700886
2020-09-23 16:00:00.001,115954.22604577616
2020-09-24 00:00:00.000,115958.65201858433
2020-09-24 08:00:00.000,115966.75868794695
2020-09-24 16:00:00.000,115968.12941503465
2020-09-25 00:00:00.009,115941.20277506577
2020-09-25 08:00:00.045,115944.15000044032
2020-09-25 16:00:00.000,115955.74441544036
2020-09-26 00:00:00.000,115967.33998988192
2020-09-26 08:00:00.000,115978.9367238809
2020-09-26 16:00:00.005,115990.53461755329
2020-09-27 00:00:00.000,116002.13367101504
2020-09-27 08:00:00.000,116013.73388438215
2020-09-27 16:00:00.019,116025.3352577706
2020-09-28 00:00:00.001,116036.93779129635
2020-09-28 08:00:00.000,116048.54148507549
2020-09-28 16:00:00.002,116060.146339224
2020-09-29 00:00:00.000,116071.75235385791
2020-09-29 08:00:00.000,116083.3595290933
2020-09-29 16:00:00.000,116094.9678650462
2020-09-30 00:00:00.005,116106.57736183272
2020-09-30 08:00:00.000,116118.1880195689
2020-09-30 16:00:00.000,116129.79983837086
2020-10-01 00:00:00.000,116138.40737913491
2020-10-01 08:00:00.000,116150.02121987281
2020-10-01 16:00:00.000,116161.6362219948
2020-10-02 00:00:00.011,116161.33071689155
2020-10-02 08:00:00.000,116159.4117317081
2020-10-02 16:00:00.005,116171.02767288126
2020-10-03 00:00:00.000,116182.64477564854
2020-10-03 08:00:00.001,116194.2630401261
2020-10-03 16:00:00.000,116205.59081882986
2020-10-04 00:00:00.000,116203.0993709627
2020-10-04 08:00:00.003,116208.95484514
2020-10-04 16:00:00.001,116208.07630544137
2020-10-05 00:00:00.000,116204.14731038146
2020-10-05 08:00:00.000,116193.52276519289
2020-10-05 16:00:00.012,116185.49146889934
2020-10-06 00:00:00.000,116185.34507518008
2020-10-06 08:00:00.005,116175.68658744397
2020-10-06 16:00:00.000,116183.74569482254
2020-10-07 00:00:00.000,116184.33939376305
2020-10-07 08:00:00.000,116183.34253213105
2020-10-07 16:00:00.000,116185.14685944057
2020-10-08 00:00:00.000,116188.2757254455
2020-10-08 08:00:00.009,116192.04952064106
2020-10-08 16:00:00.003,116202.33948854661
2020-10-09 00:00:00.001,116209.46036791046
2020-10-09 08:00:00.000,116221.08131394726
2020-10-09 16:00:00.004,116232.70342207866
2020-10-10 00:00:00.005,116244.32669242086
2020-10-10 08:00:00.000,116255.95112509011
2020-10-10 16:00:00.011,116267.57672020263
2020-10-11 00:00:00.002,116279.20347787463
2020-10-11 08:00:00.003,116290.83139822242
2020-10-11 16:00:00.004,116302.46048136226
2020-10-12 00:00:00.001,116314.0907274104
2020-10-12 08:00:00.000,116325.72213648313
2020-10-12 16:00:00.011,116337.35470869677
2020-10-13 00:00:00.003,116348.98844416764
2020-10-13 08:00:00.000,116360.62334301205
2020-10-13 16:00:00.001,116372.25940534634
2020-10-14 00:00:00.001,116383.89663128687
2020-10-14 08:00:00.000,116395.53502095002
2020-10-14 16:00:00.001,116407.1745744521
2020-10-15 00:00:00.000,116418.81529190956
2020-10-15 08:00:00.000,116430.45717343876
2020-10-15 16:00:00.000,116442.10021915611
2020-10-16 00:00:00.002,116453.74442917801
2020-10-16 08:00:00.003,116465.38980362093
2020-10-16 16:00:00.000,116477.03634260129
2020-10-17 00:00:00.006,116488.68404623556
2020-10-17 08:00:00.007,116500.33291464017
2020-10-17 16:00:00.009,116511.98294793164
2020-10-18 00:00:00.006,116523.63414622642
2020-10-18 08:00:00.000,116535.28650964104
2020-10-18 16:00:00.000,116546.940038292
2020-10-19 00:00:00.000,116558.59473229584
2020-10-19 08:00:00.000,116570.25059176906
2020-10-19 16:00:00.000,116581.90761682825
2020-10-20 00:00:00.015,116593.56580758993
2020-10-20 08:00:00.000,116605.22516417068
2020-10-20 16:00:00.008,116609.58853169632
2020-10-21 00:00:00.009,116612.26005736958
2020-10-21 08:00:00.004,116620.99081728005
2020-10-21 16:00:00.000,116632.65291636178
2020-10-22 00:00:00.000,116644.31618165341
2020-10-22 08:00:00.000,116655.98061327157
2020-10-22 16:00:00.004,116667.6462113329
2020-10-23 00:00:00.007,116679.31297595402
2020-10-23 08:00:00.000,116690.98090725161
2020-10-23 16:00:00.000,116702.65000534232
2020-10-24 00:00:00.000,116714.32027034285
2020-10-24 08:00:00.000,116725.99170236988
2020-10-24 16:00:00.008,116737.6643015401
2020-10-25 00:00:00.005,116749.33806797025
2020-10-25 08:00:00.014,116761.01300177706
2020-10-25 16:00:00.000,116772.68910307724
2020-10-26 00:00:00.004,116784.36637198755
2020-10-26 08:00:00.000,116796.04480862475
2020-10-26 16:00:00.000,116807.7244131056
2020-10-27 00:00:00.000,116818.55716146767
2020-10-27 08:00:00.000,116825.71463446497
2020-10-27 16:00:00.000,116837.39720592841
2020-10-28 00:00:00.000,116841.74939897434
2020-10-28 08:00:00.006,116853.43357391423
2020-10-28 16:00:00.001,116865.11891727161
2020-10-29 00:00:00.000,116834.72697444596
2020-10-29 08:00:00.000,116825.31944222999
2020-10-29 16:00:00.000,116821.59388279296
2020-10-30 00:00:00.000,116803.75756183894
2020-10-30 08:00:00.002,116802.62690146574
2020-10-30 16:00:00.002,116786.95899709317
2020-10-31 00:00:00.003,116758.11962543843
2020-10-31 08:00:00.000,116738.4283685636
2020-10-31 16:00:00.000,116749.17297351063
2020-11-01 00:00:00.000,116741.71737132454
2020-11-01 08:00:00.000,116736.93563058104
2020-11-01 16:00:00.000,116731.04858691717
2020-11-02 00:00:00.000,116740.24816085628
2020-11-02 08:00:00.010,116736.42491772902
2020-11-02 16:00:00.000,116746.6008318891
2020-11-03 00:00:00.000,116726.67919192315
2020-11-03 08:00:00.004,116726.13407833132
2020-11-03 16:00:00.009,116716.11780876607
2020-11-04 00:00:00.000,116706.99527699813
2020-11-04 08:00:00.000,116703.90487576318
2020-11-04 16:00:00.005,116676.1398497542
2020-11-05 00:00:00.017,116687.80746373917
2020-11-05 08:00:00.001,116699.47624448553
2020-11-05 16:00:00.000,116711.14619210998
2020-11-06 00:00:00.000,116722.8173067292
2020-11-06 08:00:00.001,116750.03123158425
2020-11-06 16:00:00.001,116790.06481729355
2020-11-07 00:00:00.001,116819.20160266415
2020-11-07 08:00:00.000,116863.49243475977
2020-11-07 16:00:00.006,116905.43474219461
2020-11-08 00:00:00.000,116917.12528566882
2020-11-08 08:00:00.000,116928.81699819739
2020-11-08 16:00:00.000,116940.50987989722
2020-11-09 00:00:00.007,116952.20393088521
2020-11-09 08:00:00.001,116963.8991512783
2020-11-09 16:00:00.002,116975.59554119341
2020-11-10 00:00:00.003,116987.29310074754
2020-11-10 08:00:00.011,116998.99183005762
2020-11-10 16:00:00.000,117010.69172924063
2020-11-11 00:00:00.000,117022.39279841355
2020-11-11 08:00:00.009,117034.09503769339
2020-11-11 16:00:00.003,117045.79844719716
2020-11-12 00:00:00.001,117057.50302704188
2020-11-12 08:00:00.001,117069.20877734457
2020-11-12 16:00:00.000,117080.91569822229
2020-11-13 00:00:00.000,117092.62378979212
2020-11-13 08:00:00.000,117104.33305217109
2020-11-13 16:00:00.000,117116.0434854763
2020-11-14 00:00:00.005,117127.75508982484
2020-11-14 08:00:00.004,117139.46786533382
2020-11-14 16:00:00.001,117144.47792037444
2020-11-15 00:00:00.001,117156.19236816648
2020-11-15 08:00:00.000,117167.90798740329
2020-11-15 16:00:00.003,117179.62477820204
2020-11-16 00:00:00.000,117191.34274067984
2020-11-16 08:00:00.010,117203.06187495391
2020-11-16 16:00:00.001,117214.7821811414
2020-11-17 00:00:00.002,117226.50365935951
2020-11-17 08:00:00.003,117238.22630972545
2020-11-17 16:00:00.003,117249.95013235642
2020-11-18 00:00:00.005,117274.7344268154
2020-11-18 08:00:00.006,117342.25183691962
2020-11-18 16:00:00.000,117367.4639931493
2020-11-19 00:00:00.008,117379.20073954861
2020-11-19 08:00:00.000,117408.56314661363
2020-11-19 16:00:00.001,117469.85863517558
2020-11-20 00:00:00.003,117512.91133836536
2020-11-20 08:00:00.005,117559.5016823237
2020-11-20 16:00:00.000,117604.89963508838
2020-11-21 00:00:00.000,117616.66012505187
2020-11-21 08:00:00.000,117628.4217910644
2020-11-21 16:00:00.001,117698.33777240854
2020-11-22 00:00:00.005,117792.9236875926
2020-11-22 08:00:00.000,117895.38586226225
2020-11-22 16:00:00.000,117973.82991515344
2020-11-23 00:00:00.005,118093.16162385093
2020-11-23 08:00:00.000,118183.1568795296
2020-11-23 16:00:00.003,118311.2567851029
2020-11-24 00:00:00.000,118371.36008666229
2020-11-24 08:00:00.000,118442.81614189221
2020-11-24 16:00:00.005,118538.96328232354
2020-11-25 00:00:00.005,118638.81457804442
2020-11-25 08:00:00.005,118683.99105224758
2020-11-25 16:00:00.015,118773.35060279064
2020-11-26 00:00:00.012,118815.4129971731
2020-11-26 08:00:00.002,118831.01346089963
2020-11-26 16:00:00.001,118865.23203953585
2020-11-27 00:00:00.001,118878.03739098349
2020-11-27 08:00:00.000,118889.92519472259
2020-11-27 16:00:00.007,118901.81418724207
2020-11-28 00:00:00.007,118913.70436866078
2020-11-28 08:00:00.012,118925.59573909764
2020-11-28 16:00:00.000,118937.48829867154
2020-11-29 00:00:00.007,118949.3820475014
2020-11-29 08:00:00.000,118961.27698570615
2020-11-29 16:00:00.000,118973.17311340471
2020-11-30 00:00:00.004,118985.07043071606
2020-11-30 08:00:00.007,118996.96893775913
2020-11-30 16:00:00.000,119032.05043417166
2020-12-01 00:00:00.000,119086.72066461558
2020-12-01 08:00:00.003,119138.26973338968
2020-12-01 16:00:00.000,119152.0254380131
2020-12-02 00:00:00.001,119163.94064055689
2020-12-02 08:00:00.011,119175.85703462095
2020-12-02 16:00:00.005,119187.77462032442
2020-12-03 00:00:00.001,119199.69339778644
2020-12-03 08:00:00.031,119211.61336712622
2020-12-03 16:00:00.000,119241.95868330883
2020-12-04 00:00:00.006,119257.10598932038
2020-12-04 08:00:00.009,119269.03169991932
2020-12-04 16:00:00.000,119280.95860308931
2020-12-05 00:00:00.000,119292.88669894962
2020-12-05 08:00:00.000,119304.8159876195
2020-12-05 16:00:00.000,119316.74646921825
2020-12-06 00:00:00.004,119328.67814386518
2020-12-06 08:00:00.000,119340.61101167956
2020-12-06 16:00:00.001,119352.54507278072
2020-12-07 00:00:00.000,119364.480327288
2020-12-07 08:00:00.008,119376.41677532071
2020-12-07 16:00:00.000,119388.35441699825
2020-12-08 00:00:00.003,119400.29325243995
2020-12-08 08:00:00.003,119412.2332817652
2020-12-08 16:00:00.033,119424.17450509337
2020-12-09 00:00:00.000,119436.11692254388
2020-12-09 08:00:00.010,119448.06053423614
2020-12-09 16:00:00.000,119460.00534028956
2020-12-10 00:00:00.000,119471.95134082358
2020-12-10 08:00:00.000,119483.89853595766
2020-12-10 16:00:00.007,119495.84692581126
2020-12-11 00:00:00.000,119507.79651050383
2020-12-11 08:00:00.016,119519.74729015489
2020-12-11 16:00:00.010,119531.6992648839
2020-12-12 00:00:00.009,119543.65243481037
2020-12-12 08:00:00.002,119541.10017783089
2020-12-12 16:00:00.000,119546.25718089256
2020-12-13 00:00:00.007,119558.21180661063
2020-12-13 08:00:00.000,119570.16762779129
2020-12-13 16:00:00.000,119582.12464455406
2020-12-14 00:00:00.000,119594.08285701851
2020-12-14 08:00:00.000,119606.04226530422
2020-12-14 16:00:00.000,119618.00286953076
2020-12-15 00:00:00.006,119629.9646698177
2020-12-15 08:00:00.001,119641.92766628468
2020-12-15 16:00:00.000,119653.8918590513
2020-12-16 00:00:00.001,119665.85724823721
2020-12-16 08:00:00.000,119677.82383396204
2020-12-16 16:00:00.000,119732.94025895052
2020-12-17 00:00:00.000,119744.9135529764
2020-12-17 08:00:00.000,119770.48507926564
2020-12-17 16:00:00.011,119835.90132280624
2020-12-18 00:00:00.000,119870.09290217166
2020-12-18 08:00:00.000,119934.2809395189
2020-12-18 16:00:00.000,119988.28974491158
2020-12-19 00:00:00.000,120000.28857388608
2020-12-19 08:00:00.018,120045.9270836365
2020-12-19 16:00:00.000,120130.61228243838
2020-12-20 00:00:00.001,120224.58805781466
2020-12-20 08:00:00.011,120269.655446894
2020-12-20 16:00:00.023,120316.43553207663
2020-12-21 00:00:00.011,120366.72178630726
2020-12-21 08:00:00.000,120403.13151598039
2020-12-21 16:00:00.000,120431.7164234336
2020-12-22 00:00:00.001,120443.75959507594
2020-12-22 08:00:00.006,120455.80397103544
2020-12-22 16:00:00.000,120479.84213127589
2020-12-23 00:00:00.000,120493.46840142095
2020-12-23 08:00:00.000,120505.51774826109
2020-12-23 16:00:00.000,120517.8261818439
2020-12-24 00:00:00.012,120529.87796446208
2020-12-24 08:00:00.009,120541.93095225854
2020-12-24 16:00:00.001,120574.73764418649
2020-12-25 00:00:00.000,120597.0777315772
2020-12-25 08:00:00.000,120609.13743935035
2020-12-25 16:00:00.000,120651.23605877357
2020-12-26 00:00:00.009,120663.30118237945
2020-12-26 08:00:00.001,120683.77171142504
2020-12-26 16:00:00.006,120695.84008859617
2020-12-27 00:00:00.000,120719.90683910984
2020-12-27 08:00:00.000,120750.65178498364
2020-12-27 16:00:00.001,120836.5827788199
2020-12-28 00:00:00.015,120889.10198279306
2020-12-28 08:00:00.019,120932.7828420125
2020-12-28 16:00:00.000,121018.98131096663
2020-12-29 00:00:00.004,121064.59699559218
2020-12-29 08:00:00.003,121123.83390290212
2020-12-29 16:00:00.000,121172.17926996613
2020-12-30 00:00:00.001,121231.52819165077
2020-12-30 08:00:00.001,121324.6776486521
2020-12-30 16:00:00.012,121400.96660595758
2020-12-31 00:00:00.009,121465.66360908122
2020-12-31 08:00:00.000,121538.96206378614
2020-12-31 16:00:00.010,121583.62034000685
2021-01-01 00:00:00.002,121611.28426114282
2021-01-01 08:00:00.006,121643.31180896584
2021-01-01 16:00:00.003,121685.22644491587
2021-01-02 00:00:00.000,121697.39496756035
2021-01-02 08:00:00.000,121721.91820962026
2021-01-02 16:00:00.006,121862.4717257961
2021-01-03 00:00:00.018,122013.65187096968
2021-01-03 08:00:00.000,122153.65521567252
2021-01-03 16:00:00.002,122343.00071047612
2021-01-04 00:00:00.000,122543.7973838222
2021-01-04 08:00:00.000,122833.59140675141
2021-01-04 16:00:00.000,122902.54649995943
2021-01-05 00:00:00.020,123011.11615148657
2021-01-05 08:00:00.003,123069.13557453059
2021-01-05 16:00:00.003,123146.5509835724
2021-01-06 00:00:00.010,123303.18477616491
2021-01-06 08:00:00.003,123562.13132844961
2021-01-06 16:00:00.000,123746.55151632125
2021-01-07 00:00:00.007,123870.68910694036
2021-01-07 08:00:00.000,124047.50708339918
2021-01-07 16:00:00.004,124171.3573549463
2021-01-08 00:00:00.000,124436.48431202988
2021-01-08 08:00:00.000,124551.02062965004
2021-01-08 16:00:00.000,124715.2934617789
2021-01-09 00:00:00.009,124793.80672762483
2021-01-09 08:00:00.004,124877.31624721084
2021-01-09 16:00:00.000,125060.81347325082
2021-01-10 00:00:00.000,125242.90702010044
2021-01-10 08:00:00.005,125393.99004369693
2021-01-10 16:00:00.000,125460.4338111413
2021-01-11 00:00:00.000,125568.9395219272
2021-01-11 08:00:00.012,125671.34475917552
2021-01-11 16:00:00.000,125738.50855266862
2021-01-12 00:00:00.000,125780.66364504599
2021-01-12 08:00:00.000,125844.62940154267
2021-01-12 16:00:00.008,125913.77473316735
2021-01-13 00:00:00.001,125932.36967941992
2021-01-13 08:00:00.000,125960.81780173049
2021-01-13 16:00:00.003,126049.65796652605
2021-01-14 00:00:00.000,126148.39392410782
2021-01-14 08:00:00.012,126240.01171816306
2021-01-14 16:00:00.000,126326.48991339037
2021-01-15 00:00:00.002,126396.7628131994
2021-01-15 08:00:00.000,126478.26723776423
2021-01-15 16:00:00.004,126627.7455778992
2021-01-16 00:00:00.000,126640.40835245697
2021-01-16 08:00:00.008,126681.65893266961
2021-01-16 16:00:00.000,126768.43080177213
2021-01-17 00:00:00.009,126810.4025615263
2021-01-17 08:00:00.000,126848.79567900582
2021-01-17 16:00:00.001,126861.48055857372
2021-01-18 00:00:00.000,126931.73010343302
2021-01-18 08:00:00.004,126994.3341020373
2021-01-18 16:00:00.000,127125.83673499998
2021-01-19 00:00:00.000,127204.23523851443
2021-01-19 08:00:00.005,127382.43565166005
2021-01-19 16:00:00.012,127584.29477596415
2021-01-20 00:00:00.012,127696.79605541172
2021-01-20 08:00:00.001,127719.739338759
2021-01-20 16:00:00.001,127740.79010619682
2021-01-21 00:00:00.000,127794.54087585768
2021-01-21 08:00:00.000,127856.33848198903
2021-01-21 16:00:00.004,127890.33420382802
2021-01-22 00:00:00.012,127903.12323724842
2021-01-22 08:00:00.003,127915.91354957214
2021-01-22 16:00:00.001,127928.70514092711
2021-01-23 00:00:00.000,127941.49801144122
2021-01-23 08:00:00.002,127957.08384472897
2021-01-23 16:00:00.000,127969.87955311342
2021-01-24 00:00:00.001,127982.67654106874
2021-01-24 08:00:00.011,128001.06509203417
2021-01-24 16:00:00.005,128054.04217285446
2021-01-25 00:00:00.007,128066.84757707173
2021-01-25 08:00:00.012,128133.76634693619
2021-01-25 16:00:00.000,128188.11300259459
2021-01-26 00:00:00.007,128205.42608913672
2021-01-26 08:00:00.000,128218.24663174564
2021-01-26 16:00:00.000,128231.06845640882
2021-01-27 00:00:00.000,128243.89156325447
2021-01-27 08:00:00.011,128256.7159524108
2021-01-27 16:00:00.003,128269.54162400603
2021-01-28 00:00:00.000,128282.36857816843
2021-01-28 08:00:00.000,128295.19681502625
2021-01-28 16:00:00.000,128323.75789174122
2021-01-29 00:00:00.009,128336.5902675304
2021-01-29 08:00:00.000,128419.75622812148
2021-01-29 16:00:00.000,128633.94625533679
2021-01-30 00:00:00.000,128684.38105298457
2021-01-30 08:00:00.000,128727.10426749416
2021-01-30 16:00:00.000,128794.59331371954
2021-01-31 00:00:00.009,128865.35821506982
2021-01-31 08:00:00.000,128924.78705231784
2021-01-31 16:00:00.000,128981.81564262256
2021-02-01 00:00:00.001,128999.7853891779
2021-02-01 08:00:00.014,129048.23899856792
2021-02-01 16:00:00.000,129134.5051653737
2021-02-02 00:00:00.000,129182.00987578889
2021-02-02 08:00:00.006,129239.2090861217
2021-02-02 16:00:00.000,129397.11484417522
2021-02-03 00:00:00.009,129497.13493203634
2021-02-03 08:00:00.006,129601.77509191817
2021-02-03 16:00:00.006,129699.34838033162
2021-02-04 00:00:00.005,129737.0429019514
2021-02-04 08:00:00.000,129833.41936164154
2021-02-04 16:00:00.011,129913.83298825736
2021-02-05 00:00:00.009,129987.40968757025
2021-02-05 08:00:00.004,130084.68966523226
2021-02-05 16:00:00.000,130213.67383842292
2021-02-06 00:00:00.008,130258.96475845741
2021-02-06 08:00:00.009,130349.9206857793
2021-02-06 16:00:00.000,130483.36120308453
2021-02-07 00:00:00.000,130686.32285210148
2021-02-07 08:00:00.005,130771.42709240601
2021-02-07 16:00:00.001,130910.31419426377
2021-02-08 00:00:00.000,130987.9008101773
2021-02-08 08:00:00.001,131063.72577631929
2021-02-08 16:00:00.000,131390.06527904153
2021-02-09 00:00:00.010,131562.3505021387
2021-02-09 08:00:00.006,131807.81032634104
2021-02-09 16:00:00.007,132020.2304753849
2021-02-10 00:00:00.009,132184.34878449576
2021-02-10 08:00:00.014,132416.13404008938
2021-02-10 16:00:00.005,132564.96580226644
2021-02-11 00:00:00.000,132666.69880832243
2021-02-11 08:00:00.000,132776.9050350225
2021-02-11 16:00:00.000,133008.082904379
2021-02-12 00:00:00.000,133179.36007289664
2021-02-12 08:00:00.000,133346.67330295622
2021-02-12 16:00:00.000,133487.39804769302
2021-02-13 00:00:00.001,133674.2790700858
2021-02-13 08:00:00.003,133863.57387993415
2021-02-13 16:00:00.000,133965.23790975302
2021-02-14 00:00:00.013,134079.1726652905
2021-02-14 08:00:00.000,134275.17630385127
2021-02-14 16:00:00.008,134475.90292215612
2021-02-15 00:00:00.000,134634.39622134017
2021-02-15 08:00:00.006,134689.08067405337
2021-02-15 16:00:00.000,134780.84838538902
2021-02-16 00:00:00.001,134915.09011038087
2021-02-16 08:00:00.000,135081.77230760865
2021-02-16 16:00:00.010,135273.34257545983
2021-02-17 00:00:00.005,135414.1161321444
2021-02-17 08:00:00.010,135540.64166569363
2021-02-17 16:00:00.008,135740.03821446086
2021-02-18 00:00:00.012,135919.55305759909
2021-02-18 08:00:00.000,136129.28100555352
2021-02-18 16:00:00.009,136300.58881535655
2021-02-19 00:00:00.010,136424.96991768
2021-02-19 08:00:00.002,136540.2844877526
2021-02-19 16:00:00.008,136716.13608554722
2021-02-20 00:00:00.000,136929.84801515343
2021-02-20 08:00:00.009,137089.32336264427
2021-02-20 16:00:00.000,137257.3057650267
2021-02-21 00:00:00.007,137395.05307937326
2021-02-21 08:00:00.012,137531.10440883355
2021-02-21 16:00:00.001,137704.14604440075
2021-02-22 00:00:00.006,137865.32737030427
2021-02-22 08:00:00.002,137991.86292507127
2021-02-22 16:00:00.000,138099.30890921925
2021-02-23 00:00:00.000,138133.76054381282
2021-02-23 08:00:00.006,138174.6757636859
2021-02-23 16:00:00.000,138193.02674237406
2021-02-24 00:00:00.012,138206.8460450483
2021-02-24 08:00:00.016,138278.42475268347
2021-02-24 16:00:00.011,138329.98739448946
2021-02-25 00:00:00.007,138354.48010205754
2021-02-25 08:00:00.000,138379.72564404176
2021-02-25 16:00:00.010,138426.8480920153
2021-02-26 00:00:00.000,138440.69077682451
2021-02-26 08:00:00.025,138454.53484590218
2021-02-26 16:00:00.010,138468.38029938677
2021-02-27 00:00:00.001,138510.14790162028
2021-02-27 08:00:00.000,138571.88187454003
2021-02-27 16:00:00.000,138585.7917200426
2021-02-28 00:00:00.021,138599.65029921458
2021-02-28 08:00:00.009,138613.5102642445
2021-02-28 16:00:00.000,138665.77587442475
2021-03-01 00:00:00.000,138689.23951036046
2021-03-01 08:00:00.003,138703.1084343115
2021-03-01 16:00:00.001,138716.97874515492
2021-03-02 00:00:00.000,138730.85044302943
2021-03-02 08:00:00.000,138744.72352807375
2021-03-02 16:00:00.004,138758.59800042657
2021-03-03 00:00:00.000,138772.4738602266
2021-03-03 08:00:00.016,138786.3511076126
2021-03-03 16:00:00.000,138848.9132189649
2021-03-04 00:00:00.000,138862.79811028682
2021-03-04 08:00:00.015,138876.68439009783
2021-03-04 16:00:00.001,138890.57205853684
2021-03-05 00:00:00.000,138904.4611157427
2021-03-05 08:00:00.002,138918.35156185427
2021-03-05 16:00:00.008,138932.24339701046
2021-03-06 00:00:00.000,138946.13662135016
2021-03-06 08:00:00.000,138960.03123501228
2021-03-06 16:00:00.000,138973.92723813577
2021-03-07 00:00:00.006,138987.8246308596
2021-03-07 08:00:00.005,139001.72341332267
2021-03-07 16:00:00.008,139026.19605674685
2021-03-08 00:00:00.000,139040.09867635253
2021-03-08 08:00:00.000,139054.00268622013
2021-03-08 16:00:00.006,139088.42828566517
2021-03-09 00:00:00.000,139189.15473454533
2021-03-09 08:00:00.000,139247.5807741367
2021-03-09 16:00:00.000,139327.00480925865
2021-03-10 00:00:00.009,139360.92257530944
2021-03-10 08:00:00.006,139428.63247315187
2021-03-10 16:00:00.008,139507.98827932397
2021-03-11 00:00:00.000,139641.8196875602
2021-03-11 08:00:00.000,139780.4909966009
2021-03-11 16:00:00.014,139899.9180503035
2021-03-12 00:00:00.002,140042.61876471314
2021-03-12 08:00:00.005,140136.65318193508
2021-03-12 16:00:00.011,140208.4017469977
2021-03-13 00:00:00.000,140275.46903388936
2021-03-13 08:00:00.002,140360.4296772191
2021-03-13 16:00:00.000,140440.5951330249
2021-03-14 00:00:00.011,140555.51486321038
2021-03-14 08:00:00.000,140674.41498989862
2021-03-14 16:00:00.000,140836.28763248338
2021-03-15 00:00:00.012,140951.7874719708
2021-03-15 08:00:00.016,141100.08284757004
2021-03-15 16:00:00.030,141122.34279664006
2021-03-16 00:00:00.005,141154.19834307954
2021-03-16 08:00:00.008,141204.81906168937
2021-03-16 16:00:00.012,141262.2512977463
2021-03-17 00:00:00.010,141312.21151816277
2021-03-17 08:00:00.000,141339.39150892617
2021-03-17 16:00:00.009,141374.12566438946
2021-03-18 00:00:00.001,141416.9125435218
2021-03-18 08:00:00.000,141458.2897179629
2021-03-18 16:00:00.000,141504.3301475174
2021-03-19 00:00:00.011,141549.62002342442
2021-03-19 08:00:00.001,141567.8615229568
2021-03-19 16:00:00.000,141614.94699369936
2021-03-20 00:00:00.000,141684.73483957784
2021-03-20 08:00:00.000,141747.71653790874
2021-03-20 16:00:00.007,141817.08220047373
2021-03-21 00:00:00.000,141861.56454647673
2021-03-21 08:00:00.000,141921.67838445332
2021-03-21 16:00:00.000,141935.87055229174
2021-03-22 00:00:00.007,142009.56223692378
2021-03-22 08:00:00.001,142074.2646336702
2021-03-22 16:00:00.000,142143.84834625982
2021-03-23 00:00:00.000,142178.26137194442
2021-03-23 08:00:00.010,142216.10780333902
2021-03-23 16:00:00.023,142276.18699808055
2021-03-24 00:00:00.002,142352.23931107853
2021-03-24 08:00:00.000,142375.82280656518
2021-03-24 16:00:00.000,142413.44134646715
2021-03-25 00:00:00.000,142430.28600830957
2021-03-25 08:00:00.000,142444.52903691042
2021-03-25 16:00:00.000,142458.7734898141
2021-03-26 00:00:00.008,142481.56689357248
2021-03-26 08:00:00.000,142495.81505026182
2021-03-26 16:00:00.012,142510.06463176684
2021-03-27 00:00:00.018,142524.31563823004
2021-03-27 08:00:00.000,142538.56806979384
2021-03-27 16:00:00.001,142552.82192660082
2021-03-28 00:00:00.000,142567.07720879346
2021-03-28 08:00:00.000,142581.33391651436
2021-03-28 16:00:00.005,142595.592049906
2021-03-29 00:00:00.003,142609.851609111
2021-03-29 08:00:00.000,142624.1125942719
2021-03-29 16:00:00.000,142650.0288217714
2021-03-30 00:00:00.018,142695.71392000187
2021-03-30 08:00:00.012,142734.60991770218
2021-03-30 16:00:00.001,142853.79474432959
2021-03-31 00:00:00.000,142969.15489773743
2021-03-31 08:00:00.000,143070.5043019529
2021-03-31 16:00:00.000,143154.07750633583
2021-04-01 00:00:00.025,143310.51198761244
2021-04-01 08:00:00.011,143447.0109509653
2021-04-01 16:00:00.004,143521.50585269235
2021-04-02 00:00:00.000,143623.48936432117
2021-04-02 08:00:00.000,143776.04767095883
2021-04-02 16:00:00.000,143922.65610676893
2021-04-03 00:00:00.003,144013.71165360798
2021-04-03 08:00:00.000,144169.0203606666
2021-04-03 16:00:00.000,144315.0823202646
2021-04-04 00:00:00.000,144390.25604664523
2021-04-04 08:00:00.000,144460.27810131502
2021-04-04 16:00:00.016,144498.59041167027
2021-04-05 00:00:00.000,144555.61533539032
2021-04-05 08:00:00.001,144618.0879356698
2021-04-05 16:00:00.001,144672.1881161857
2021-04-06 00:00:00.010,144812.79356909392
2021-04-06 08:00:00.000,144896.4606087064
2021-04-06 16:00:00.003,145017.7911089617
2021-04-07 00:00:00.000,145101.3344082417
2021-04-07 08:00:00.006,145179.32492447278
2021-04-07 16:00:00.004,145257.22815022722
2021-04-08 00:00:00.013,145316.46985815602
2021-04-08 08:00:00.003,145352.71614523276
2021-04-08 16:00:00.005,145390.83489504183
2021-04-09 00:00:00.000,145419.3474916731
2021-04-09 08:00:00.004,145457.59423425692
2021-04-09 16:00:00.004,145489.28217116083
2021-04-10 00:00:00.011,145508.1361272374
2021-04-10 08:00:00.005,145724.39613947514
2021-04-10 16:00:00.000,145898.75829394395
2021-04-11 00:00:00.004,146025.3035819502
2021-04-11 08:00:00.000,146170.49216054264
2021-04-11 16:00:00.000,146325.42995882296
2021-04-12 00:00:00.001,146462.67296934425
2021-04-12 08:00:00.001,146618.447739061
2021-04-12 16:00:00.008,146756.77198121147
2021-04-13 00:00:00.003,146880.15333455152
2021-04-13 08:00:00.008,147012.2397188422
2021-04-13 16:00:00.008,147192.5796333053
2021-04-14 00:00:00.008,147325.80069327977
2021-04-14 08:00:00.000,147485.74789531846
2021-04-14 16:00:00.012,147640.29231110803
2021-04-15 00:00:00.006,147752.99352824368
2021-04-15 08:00:00.000,147874.27214039152
2021-04-15 16:00:00.008,148037.41295238768
2021-04-16 00:00:00.008,148199.73153456757
2021-04-16 08:00:00.000,148377.60381635002
2021-04-16 16:00:00.002,148549.0081405026
2021-04-17 00:00:00.008,148630.57045891226
2021-04-17 08:00:00.000,148710.8413711
2021-04-17 16:00:00.001,148841.07042910552
2021-04-18 00:00:00.006,148962.56046443258
2021-04-18 08:00:00.004,149049.62610177282
2021-04-18 16:00:00.000,149064.53106438302
2021-04-19 00:00:00.000,149079.43751748945
2021-04-19 08:00:00.000,149094.3454612412
2021-04-19 16:00:00.009,149109.25489578734
2021-04-20 00:00:00.004,149124.1658212769
2021-04-20 08:00:00.000,149139.07823785904
2021-04-20 16:00:00.001,149153.9921456828
2021-04-21 00:00:00.013,149168.90754489737
2021-04-21 08:00:00.001,149183.82443565186
2021-04-21 16:00:00.002,149198.74281809543
2021-04-22 00:00:00.000,149213.66269237723
2021-04-22 08:00:00.000,149228.58405864646
2021-04-22 16:00:00.001,149243.50691705232
2021-04-23 00:00:00.002,149258.43126774402
2021-04-23 08:00:00.009,149329.5051475451
2021-04-23 16:00:00.001,149344.43809805985
2021-04-24 00:00:00.019,149359.37254186967
2021-04-24 08:00:00.001,149400.70326743944
2021-04-24 16:00:00.011,149425.74282530704
2021-04-25 00:00:00.000,149458.16821150013
2021-04-25 08:00:00.010,149515.79629199914
2021-04-25 16:00:00.000,149530.74787162835
2021-04-26 00:00:00.003,149545.7009464155
2021-04-26 08:00:00.002,149560.65551651013
2021-04-26 16:00:00.004,149575.61158206177
2021-04-27 00:00:00.000,149590.56914322
2021-04-27 08:00:00.000,149605.52820013431
2021-04-27 16:00:00.009,149620.48875295432
2021-04-28 00:00:00.000,149635.45080182963
2021-04-28 08:00:00.000,149650.4143469098
2021-04-28 16:00:00.001,149665.3793883445
2021-04-29 00:00:00.004,149680.34592628333
2021-04-29 08:00:00.013,149695.31396087597
2021-04-29 16:00:00.003,149710.28349227205
2021-04-30 00:00:00.004,149725.25452062127
2021-04-30 08:00:00.019,149740.22704607333
2021-04-30 16:00:00.003,149755.20106877794
2021-05-01 00:00:00.002,149771.98712926573
2021-05-01 08:00:00.006,149786.96432797867
2021-05-01 16:00:00.000,149835.63909990666
2021-05-02 00:00:00.010,149859.3415996559
2021-05-02 08:00:00.011,149927.2054024993
2021-05-02 16:00:00.007,149995.0969389217
2021-05-03 00:00:00.003,150055.56446235068
2021-05-03 08:00:00.000,150109.86657001832
2021-05-03 16:00:00.043,150210.9010179106
2021-05-04 00:00:00.004,150287.44699096034
2021-05-04 08:00:00.003,150305.76101925064
2021-05-04 16:00:00.011,150405.60312406527
2021-05-05 00:00:00.001,150472.83593271777
2021-05-05 08:00:00.007,150536.7236893981
2021-05-05 16:00:00.001,150554.3876685558
2021-05-06 00:00:00.003,150668.99117399298
2021-05-06 08:00:00.001,150759.34435462023
2021-05-06 16:00:00.000,150900.3344934607
2021-05-07 00:00:00.000,150967.7039477953
2021-05-07 08:00:00.000,151048.18935980098
2021-05-07 16:00:00.001,151074.0850613848
2021-05-08 00:00:00.006,151163.77774568574
2021-05-08 08:00:00.000,151233.73483038868
2021-05-08 16:00:00.000,151303.94660412104
2021-05-09 00:00:00.005,151377.99778166806
2021-05-09 08:00:00.016,151444.36946479543
2021-05-09 16:00:00.000,151541.08789691044
2021-05-10 00:00:00.004,151591.90113909316
2021-05-10 08:00:00.000,151728.72495722328
2021-05-10 16:00:00.013,151878.40989625533
2021-05-11 00:00:00.000,151938.48843885798
2021-05-11 08:00:00.000,152015.78562546635
2021-05-11 16:00:00.002,152054.73967053287
2021-05-12 00:00:00.004,152080.0704696146
2021-05-12 08:00:00.007,152131.37620218823
2021-05-12 16:00:00.012,152191.86515867998
2021-05-13 00:00:00.016,152209.57724794713
2021-05-13 08:00:00.000,152224.79820567195
2021-05-13 16:00:00.008,152259.60136128572
2021-05-14 00:00:00.007,152320.56610567076
2021-05-14 08:00:00.001,152374.21188584753
2021-05-14 16:00:00.004,152397.17315583662
2021-05-15 00:00:00.022,152412.41287315218
2021-05-15 08:00:00.014,152427.84158170735
2021-05-15 16:00:00.002,152458.5603646213
2021-05-16 00:00:00.000,152519.92188599685
2021-05-16 08:00:00.003,152545.36525936588
2021-05-16 16:00:00.002,152600.58057977518
2021-05-17 00:00:00.005,152615.84063783314
2021-05-17 08:00:00.001,152713.4979880989
2021-05-17 16:00:00.000,152804.04792959595
2021-05-18 00:00:00.019,152887.54464550613
2021-05-18 08:00:00.001,152910.0542787043
2021-05-18 16:00:00.006,152943.40243244194
2021-05-19 00:00:00.000,152958.69677268516
2021-05-19 08:00:00.003,153013.47587076036
2021-05-19 16:00:00.018,152876.22737330856
2021-05-20 00:00:00.005,152891.51499604588
2021-05-20 08:00:00.000,152906.80414754548
2021-05-20 16:00:00.005,152922.09482796022
2021-05-21 00:00:00.000,152937.38703744303
2021-05-21 08:00:00.000,152935.85613419878
2021-05-21 16:00:00.001,152947.39667390264
2021-05-22 00:00:00.001,152910.00409436383
2021-05-22 08:00:00.002,152925.29509477326
2021-05-22 16:00:00.005,152940.58762428272
2021-05-23 00:00:00.006,152932.92377143688
2021-05-23 08:00:00.004,152931.30421177414
2021-05-23 16:00:00.002,152938.48586581994
2021-05-24 00:00:00.007,152925.43409543613
2021-05-24 08:00:00.005,152910.28683118898
2021-05-24 16:00:00.005,152913.4811270809
2021-05-25 00:00:00.000,152928.77247519357
2021-05-25 08:00:00.014,152944.0653524411
2021-05-25 16:00:00.000,152959.35975897635
2021-05-26 00:00:00.022,152974.65569495223
2021-05-26 08:00:00.018,152989.95316052172
2021-05-26 16:00:00.004,153005.25215583778
2021-05-27 00:00:00.000,153020.55268105338
2021-05-27 08:00:00.017,153035.85473632146
2021-05-27 16:00:00.000,153051.1583217951
2021-05-28 00:00:00.005,153066.46343762727
2021-05-28 08:00:00.009,153081.77008397106
2021-05-28 16:00:00.000,153097.07826097944
2021-05-29 00:00:00.006,153112.38796880556
2021-05-29 08:00:00.000,153127.69920760242
2021-05-29 16:00:00.000,153143.58620639524
2021-05-30 00:00:00.003,153158.90056501588
2021-05-30 08:00:00.004,153174.21645507237
2021-05-30 16:00:00.018,153189.53387671788
2021-05-31 00:00:00.002,153204.85283010555
2021-05-31 08:00:00.000,153220.17331538856
2021-05-31 16:00:00.000,153235.4953327201
2021-06-01 00:00:00.001,153250.81888225337
2021-06-01 08:00:00.010,153266.14396414158
2021-06-01 16:00:00.010,153281.470578538
2021-06-02 00:00:00.008,153296.7987255958
2021-06-02 08:00:00.000,153312.1284054684
2021-06-02 16:00:00.007,153327.45961830893
2021-06-03 00:00:00.019,153342.79236427078
2021-06-03 08:00:00.002,153358.12664350722
2021-06-03 16:00:00.003,153373.46245617158
2021-06-04 00:00:00.003,153388.79980241717
2021-06-04 08:00:00.006,153420.34574298453
2021-06-04 16:00:00.002,153435.68777755884
2021-06-05 00:00:00.000,153451.0313463366
2021-06-05 08:00:00.004,153466.37644947122
2021-06-05 16:00:00.020,153481.72308711617
2021-06-06 00:00:00.000,153497.07125942488
2021-06-06 08:00:00.004,153512.4209665508
2021-06-06 16:00:00.000,153527.77220864745
2021-06-07 00:00:00.007,153543.12498586831
2021-06-07 08:00:00.007,153558.47929836693
2021-06-07 16:00:00.003,153573.83514629677
2021-06-08 00:00:00.000,153589.1925298114
2021-06-08 08:00:00.000,153590.75146011557
2021-06-08 16:00:00.002,153606.1105352616
2021-06-09 00:00:00.009,153621.4711463151
2021-06-09 08:00:00.002,153613.18019551734
2021-06-09 16:00:00.000,153590.3809273127
2021-06-10 00:00:00.007,153564.58849464357
2021-06-10 08:00:00.003,153573.84383239216
2021-06-10 16:00:00.000,153589.2012167754
2021-06-11 00:00:00.010,153604.56013689708
2021-06-11 08:00:00.007,153608.57228800785
2021-06-11 16:00:00.006,153615.90863342033
2021-06-12 00:00:00.005,153603.95731572868
2021-06-12 08:00:00.000,153619.31771146026
2021-06-12 16:00:00.018,153618.06725021408
2021-06-13 00:00:00.002,153632.876031897
2021-06-13 08:00:00.000,153637.25764152146
2021-06-13 16:00:00.003,153627.18057379275
2021-06-14 00:00:00.000,153642.54329185013
2021-06-14 08:00:00.015,153657.90754617928
2021-06-14 16:00:00.000,153653.07654156603
2021-06-15 00:00:00.000,153665.3718607509
2021-06-15 08:00:00.000,153680.73839793698
2021-06-15 16:00:00.004,153696.10647177676
2021-06-16 00:00:00.004,153711.47608242393
2021-06-16 08:00:00.001,153726.84723003217
2021-06-16 16:00:00.000,153742.21991475517
2021-06-17 00:00:00.004,153757.59413674666
2021-06-17 08:00:00.000,153772.96989616033
2021-06-17 16:00:00.002,153788.34719314997
2021-06-18 00:00:00.009,153796.56256665703
2021-06-18 08:00:00.014,153797.09316479787
2021-06-18 16:00:00.007,153812.47287411435
2021-06-19 00:00:00.003,153804.46693490125
2021-06-19 08:00:00.001,153789.94625517796
2021-06-19 16:00:00.000,153801.44205366052
2021-06-20 00:00:00.005,153816.8221978659
2021-06-20 08:00:00.000,153832.2038800857
2021-06-20 16:00:00.002,153803.84183665633
2021-06-21 00:00:00.019,153801.35482853383
2021-06-21 08:00:00.000,153816.73496401668
2021-06-21 16:00:00.024,153786.19618945694
2021-06-22 00:00:00.008,153798.41757846813
2021-06-22 08:00:00.009,153813.79742022595
2021-06-22 16:00:00.001,153763.33726584428
2021-06-23 00:00:00.003,153763.44028728025
2021-06-23 08:00:00.000,153742.38545940167
2021-06-23 16:00:00.000,153711.79841181453
2021-06-24 00:00:00.009,153699.83194830816
2021-06-24 08:00:00.018,153715.201931503
2021-06-24 16:00:00.001,153686.20663296265
2021-06-25 00:00:00.009,153689.85206978396
2021-06-25 08:00:00.004,153705.22105499095
2021-06-25 16:00:00.000,153720.59157709643
2021-06-26 00:00:00.007,153703.6377330514
2021-06-26 08:00:00.000,153683.47027874444
2021-06-26 16:00:00.002,153667.53176604185
2021-06-27 00:00:00.005,153631.30003540203
2021-06-27 08:00:00.010,153550.0213961183
2021-06-27 16:00:00.001,153509.9417695335
2021-06-28 00:00:00.025,153505.46848983032
2021-06-28 08:00:00.017,153510.55259094673
2021-06-28 16:00:00.007,153525.9036462058
2021-06-29 00:00:00.008,153538.71691812412
2021-06-29 08:00:00.000,153554.07078981595
2021-06-29 16:00:00.000,153560.0332943847
2021-06-30 00:00:00.011,153575.38929771414
2021-06-30 08:00:00.044,153590.7468366439
2021-06-30 16:00:00.005,153606.10591132758
2021-07-01 00:00:00.000,153621.46652191872
2021-07-01 08:00:00.004,153636.8286685709
2021-07-01 16:00:00.028,153652.19235143776
2021-07-02 00:00:00.002,153664.95162949062
2021-07-02 08:00:00.016,153680.31812465354
2021-07-02 16:00:00.007,153661.5891042837
2021-07-03 00:00:00.008,153654.11193135788
2021-07-03 08:00:00.000,153633.29179919118
2021-07-03 16:00:00.004,153638.71505439168
2021-07-04 00:00:00.012,153643.68526682368
2021-07-04 08:00:00.002,153620.22387608342
2021-07-04 16:00:00.003,153627.02617959667
2021-07-05 00:00:00.004,153642.3888822146
2021-07-05 08:00:00.000,153657.75312110284
2021-07-05 16:00:00.009,153641.71125167698
2021-07-06 00:00:00.008,153640.66495162336
2021-07-06 08:00:00.019,153623.54938154775
2021-07-06 16:00:00.000,153610.93227943705
2021-07-07 00:00:00.007,153590.4067866659
2021-07-07 08:00:00.001,153605.76582734456
2021-07-07 16:00:00.008,153621.12640392728
2021-07-08 00:00:00.002,153623.2494478942
2021-07-08 08:00:00.010,153613.41295123202
2021-07-08 16:00:00.003,153570.27830487533
2021-07-09 00:00:00.000,153553.56218008182
2021-07-09 08:00:00.006,153526.89913954487
2021-07-09 16:00:00.000,153497.966995402
2021-07-10 00:00:00.002,153497.84266204876
2021-07-10 08:00:00.000,153509.88763776244
2021-07-10 16:00:00.001,153509.99816488154
2021-07-11 00:00:00.001,153521.9489182387
2021-07-11 08:00:00.025,153537.3011131305
2021-07-11 16:00:00.006,153532.122299964
2021-07-12 00:00:00.000,153545.71142810874
2021-07-12 08:00:00.021,153551.02871609552
2021-07-12 16:00:00.000,153566.38381896712
2021-07-13 00:00:00.000,153581.74045734902
2021-07-13 08:00:00.013,153597.09863139477
2021-07-13 16:00:00.005,153597.17850188605
2021-07-14 00:00:00.000,153612.53821973625
2021-07-14 08:00:00.000,153614.56129686456
2021-07-14 16:00:00.005,153596.50697747536
2021-07-15 00:00:00.005,153589.00686003963
2021-07-15 08:00:00.001,153604.36576072566
2021-07-15 16:00:00.000,153606.78656553003
2021-07-16 00:00:00.000,153589.07723910687
2021-07-16 08:00:00.000,153598.45385227233
2021-07-16 16:00:00.001,153600.10196368216
2021-07-17 00:00:00.004,153615.46197387855
2021-07-17 08:00:00.009,153608.79045436502
2021-07-17 16:00:00.006,153612.42330225927
2021-07-18 00:00:00.000,153627.78454458946
2021-07-18 08:00:00.001,153643.14732304393
2021-07-18 16:00:00.003,153636.33478589164
2021-07-19 00:00:00.002,153624.79669714923
2021-07-19 08:00:00.006,153629.6865744281
2021-07-19 16:00:00.006,153627.79692928324
2021-07-20 00:00:00.002,153603.69733677895
2021-07-20 08:00:00.011,153584.39088806068
2021-07-20 16:00:00.001,153555.3035402704
2021-07-21 00:00:00.022,153520.18697790377
2021-07-21 08:00:00.000,153460.10071192248
2021-07-21 16:00:00.018,153410.51161497843
2021-07-22 00:00:00.002,153385.56553168473
2021-07-22 08:00:00.006,153387.65464308727
2021-07-22 16:00:00.010,153389.76218946208
2021-07-23 00:00:00.013,153390.289850244
2021-07-23 08:00:00.000,153364.23650951294
2021-07-23 16:00:00.005,153362.7182035715
2021-07-24 00:00:00.000,153351.60554101047
2021-07-24 08:00:00.002,153331.08862970513
2021-07-24 16:00:00.001,153314.8309343777
2021-07-25 00:00:00.003,153275.45202005224
2021-07-25 08:00:00.015,153242.17898492774
2021-07-25 16:00:00.000,153234.21345646412
2021-07-26 00:00:00.000,153150.17828146243
2021-07-26 08:00:00.000,153165.4932992906
2021-07-26 16:00:00.000,153180.80984862053
2021-07-27 00:00:00.046,153196.12792960537
2021-07-27 08:00:00.014,153211.44754239832
2021-07-27 16:00:00.007,153208.00334905757
2021-07-28 00:00:00.000,153204.88250202936
2021-07-28 08:00:00.002,153220.20299027953
2021-07-28 16:00:00.005,153235.52501057857
2021-07-29 00:00:00.004,153237.812816967
2021-07-29 08:00:00.000,153250.49477835573
2021-07-29 16:00:00.007,153265.81982783356
2021-07-30 00:00:00.004,153281.14640981634
2021-07-30 08:00:00.000,153296.47452445733
2021-07-30 16:00:00.000,153292.83066725786
2021-07-31 00:00:00.000,153308.1599503246
2021-07-31 08:00:00.014,153323.49076631965
2021-07-31 16:00:00.003,153338.82311539626
2021-08-01 00:00:00.005,153354.1569977078
2021-08-01 08:00:00.016,153369.49241340757
2021-08-01 16:00:00.001,153384.82936264892
2021-08-02 00:00:00.000,153400.16784558518
2021-08-02 08:00:00.014,153415.50786236976
2021-08-02 16:00:00.021,153430.849413156
2021-08-03 00:00:00.000,153446.1924980973
2021-08-03 08:00:00.000,153461.53711734712
2021-08-03 16:00:00.009,153476.88327105885
2021-08-04 00:00:00.000,153492.23095938592
2021-08-04 08:00:00.000,153507.58018248188
2021-08-04 16:00:00.003,153509.53279890178
2021-08-05 00:00:00.000,153524.88375218166
2021-08-05 08:00:00.000,153540.23624055687
2021-08-05 16:00:00.001,153555.59026418094
2021-08-06 00:00:00.000,153570.94582320735
2021-08-06 08:00:00.004,153586.30291778964
2021-08-06 16:00:00.003,153601.66154808144
2021-08-07 00:00:00.015,153617.02171423624
2021-08-07 08:00:00.001,153632.38341640765
2021-08-07 16:00:00.002,153647.7466547493
2021-08-08 00:00:00.000,153663.11142941477
2021-08-08 08:00:00.002,153678.47774055772
2021-08-08 16:00:00.018,153693.84558833178
2021-08-09 00:00:00.000,153709.2149728906
2021-08-09 08:00:00.000,153724.58589438788
2021-08-09 16:00:00.002,153739.95835297732
2021-08-10 00:00:00.000,153755.33234881263
2021-08-10 08:00:00.003,153770.70788204749
2021-08-10 16:00:00.000,153786.0849528357
2021-08-11 00:00:00.006,153801.46356133098
2021-08-11 08:00:00.003,153816.8437076871
2021-08-11 16:00:00.000,153832.22539205788
2021-08-12 00:00:00.013,153847.60861459706
2021-08-12 08:00:00.001,153862.99337545852
2021-08-12 16:00:00.000,153878.37967479607
2021-08-13 00:00:00.000,153893.76751276356
2021-08-13 08:00:00.000,153909.15688951482
2021-08-13 16:00:00.002,153924.54780520377
2021-08-14 00:00:00.006,153939.9402599843
2021-08-14 08:00:00.000,153955.3342540103
2021-08-14 16:00:00.000,153970.7297874357
2021-08-15 00:00:00.003,153986.12686041443
2021-08-15 08:00:00.000,154001.52547310048
2021-08-15 16:00:00.007,154016.9256256478
2021-08-16 00:00:00.012,154032.32731821036
2021-08-16 08:00:00.003,154047.73055094216
2021-08-16 16:00:00.010,154069.18015694406
2021-08-17 00:00:00.018,154084.58707495977
2021-08-17 08:00:00.015,154099.99553366724
2021-08-17 16:00:00.006,154115.40553322062
2021-08-18 00:00:00.000,154130.8170737739
2021-08-18 08:00:00.000,154146.2301554813
2021-08-18 16:00:00.011,154161.64477849685
2021-08-19 00:00:00.000,154177.0609429747
2021-08-19 08:00:00.014,154192.478649069
2021-08-19 16:00:00.000,154207.8978969339
2021-08-20 00:00:00.000,154223.3186867236
2021-08-20 08:00:00.001,154241.02815040838
2021-08-20 16:00:00.001,154263.0506844077
2021-08-21 00:00:00.005,154278.47698947616
2021-08-21 08:00:00.001,154309.35274107606
2021-08-21 16:00:00.000,154335.11314442265
2021-08-22 00:00:00.005,154350.5466557371
2021-08-22 08:00:00.007,154365.98171040264
2021-08-22 16:00:00.002,154388.8479432734
2021-08-23 00:00:00.003,154404.28682806774
2021-08-23 08:00:00.005,154464.78242764698
2021-08-23 16:00:00.002,154501.8277164166
2021-08-24 00:00:00.006,154547.09675193753
2021-08-24 08:00:00.004,154562.55146161272
2021-08-24 16:00:00.000,154626.45998539103
2021-08-25 00:00:00.015,154656.717291081
2021-08-25 08:00:00.000,154672.1829628101
2021-08-25 16:00:00.000,154687.65018110638
2021-08-26 00:00:00.001,154703.11894612448
2021-08-26 08:00:00.016,154736.94478308206
2021-08-26 16:00:00.004,154752.41847756036
2021-08-27 00:00:00.013,154767.8937194081
2021-08-27 08:00:00.001,154783.37050878006
2021-08-27 16:00:00.004,154798.84884583091
2021-08-28 00:00:00.000,154814.3287307155
2021-08-28 08:00:00.000,154864.24087029826
2021-08-28 16:00:00.000,154900.07180970843
2021-08-29 00:00:00.000,154915.5618168894
2021-08-29 08:00:00.002,154931.0533730711
2021-08-29 16:00:00.005,154946.5464784084
2021-08-30 00:00:00.013,154962.04113305622
2021-08-30 08:00:00.008,154977.53733716952
2021-08-30 16:00:00.000,155012.48477183905
2021-08-31 00:00:00.000,155068.54038658226
2021-08-31 08:00:00.007,155111.64168738274
2021-08-31 16:00:00.003,155147.8664601824
2021-09-01 00:00:00.000,155217.0903352396
2021-09-01 08:00:00.006,155259.39630538138
2021-09-01 16:00:00.000,155312.13326452443
2021-09-02 00:00:00.009,155375.06574092322
2021-09-02 08:00:00.006,155450.7178604325
2021-09-02 16:00:00.007,155539.95434502026
2021-09-03 00:00:00.011,155614.3895455716
2021-09-03 08:00:00.000,155666.32584808243
2021-09-03 16:00:00.002,155704.26951500794
2021-09-04 00:00:00.003,155772.66728652047
2021-09-04 08:00:00.008,155791.0469035336
2021-09-04 16:00:00.009,155820.98838483798
2021-09-05 00:00:00.002,155836.57048367645
2021-09-05 08:00:00.002,155852.15414072483
2021-09-05 16:00:00.000,155867.7393561389
2021-09-06 00:00:00.003,155909.48541277065
2021-09-06 08:00:00.008,155925.07636131192
2021-09-06 16:00:00.009,155940.66886894804
2021-09-07 00:00:00.004,155956.26293583494
2021-09-07 08:00:00.002,155971.85856212853
2021-09-07 16:00:00.001,156007.69621607033
2021-09-08 00:00:00.005,156023.29698569194
2021-09-08 08:00:00.000,156038.89931539053
2021-09-08 16:00:00.000,156054.50320532205
2021-09-09 00:00:00.006,156070.1086556426
2021-09-09 08:00:00.014,156085.71566650816
2021-09-09 16:00:00.002,156101.3242380748
2021-09-10 00:00:00.001,156116.9343704986
2021-09-10 08:00:00.018,156132.54606393565
2021-09-10 16:00:00.006,156149.90019643065
2021-09-11 00:00:00.000,156165.5151864503
2021-09-11 08:00:00.001,156181.13173796894
2021-09-11 16:00:00.000,156196.74985114273
2021-09-12 00:00:00.000,156212.36952612785
2021-09-12 08:00:00.002,156227.99076308045
2021-09-12 16:00:00.000,156243.61356215674
2021-09-13 00:00:00.000,156259.23792351296
2021-09-13 08:00:00.007,156274.8638473053
2021-09-13 16:00:00.005,156290.49133369
2021-09-14 00:00:00.002,156306.1203828234
2021-09-14 08:00:00.000,156321.75099486168
2021-09-14 16:00:00.007,156337.38316996116
2021-09-15 00:00:00.012,156353.01690827814
2021-09-15 08:00:00.003,156368.65220996898
2021-09-15 16:00:00.006,156384.28907518994
2021-09-16 00:00:00.008,156399.9275040975
2021-09-16 08:00:00.005,156415.56749684789
2021-09-16 16:00:00.002,156431.2090535976
2021-09-17 00:00:00.000,156446.85217450294
2021-09-17 08:00:00.047,156462.49685972038
2021-09-17 16:00:00.013,156478.14310940634
2021-09-18 00:00:00.000,156493.7909237173
2021-09-18 08:00:00.010,156509.44030280967
2021-09-18 16:00:00.005,156525.09124683996
2021-09-19 00:00:00.006,156540.74375596462
2021-09-19 08:00:00.015,156556.39783034023
2021-09-19 16:00:00.007,156572.05347012327
2021-09-20 00:00:00.018,156587.71067547027
2021-09-20 08:00:00.000,156603.36944653784
2021-09-20 16:00:00.005,156619.0297834825
2021-09-21 00:00:00.005,156634.69168646084
2021-09-21 08:00:00.007,156650.35515562946
2021-09-21 16:00:00.000,156666.020191145
2021-09-22 00:00:00.005,156681.68679316412
2021-09-22 08:00:00.006,156697.35496184343
2021-09-22 16:00:00.000,156713.0246973396
2021-09-23 00:00:00.003,156720.45916323122
2021-09-23 08:00:00.000,156732.73821120666
2021-09-23 16:00:00.007,156748.41148502778
2021-09-24 00:00:00.000,156736.09732982152
2021-09-24 08:00:00.017,156722.71833655346
2021-09-24 16:00:00.000,156728.9527662889
2021-09-25 00:00:00.007,156744.62566156551
2021-09-25 08:00:00.002,156753.448816544
2021-09-25 16:00:00.004,156769.12416142566
2021-09-26 00:00:00.013,156772.9759788063
2021-09-26 08:00:00.000,156788.65327640416
2021-09-26 16:00:00.005,156786.00981970993
2021-09-27 00:00:00.000,156801.68842069188
2021-09-27 08:00:00.001,156817.36858953396
2021-09-27 16:00:00.000,156833.0503263929
2021-09-28 00:00:00.000,156837.04800084574
2021-09-28 08:00:00.014,156842.2518540984
2021-09-28 16:00:00.000,156857.55338418926
2021-09-29 00:00:00.000,156864.5304081638
2021-09-29 08:00:00.002,156870.4238085712
2021-09-29 16:00:00.000,156879.304243263
2021-09-30 00:00:00.000,156894.99217368732
2021-09-30 08:00:00.004,156910.6816729047
2021-09-30 16:00:00.005,156925.17237435718
2021-10-01 00:00:00.012,156928.62786665288
2021-10-01 08:00:00.008,156924.40177870443
2021-10-01 16:00:00.000,156940.0942188823
2021-10-02 00:00:00.000,156948.37594765422
2021-10-02 08:00:00.002,156953.8989610038
2021-10-02 16:00:00.011,156963.21888352412
2021-10-03 00:00:00.019,156978.9152054125
2021-10-03 08:00:00.011,156994.613096933
2021-10-03 16:00:00.004,157010.3125582427
2021-10-04 00:00:00.004,157026.01358949853
2021-10-04 08:00:00.000,157041.71619085746
2021-10-04 16:00:00.000,157057.42036247655
2021-10-05 00:00:00.007,157073.1261045128
2021-10-05 08:00:00.007,157069.31393974225
2021-10-05 16:00:00.004,157069.56682133768
2021-10-06 00:00:00.002,157085.27377801982
2021-10-06 08:00:00.000,157100.98230539763
2021-10-06 16:00:00.003,157116.69240362814
2021-10-07 00:00:00.007,157132.40407286852
2021-10-07 08:00:00.002,157178.255308377
2021-10-07 16:00:00.000,157229.6038726037
2021-10-08 00:00:00.011,157282.08554208034
2021-10-08 08:00:00.003,157318.81877315868
2021-10-08 16:00:00.002,157339.92623907348
2021-10-09 00:00:00.006,157355.66023169737
2021-10-09 08:00:00.003,157371.39579772056
2021-10-09 16:00:00.000,157396.1298599981
2021-10-10 00:00:00.000,157411.86947298408
2021-10-10 08:00:00.008,157444.77799841613
2021-10-10 16:00:00.000,157460.52247621596
2021-10-11 00:00:00.002,157476.26852846358
2021-10-11 08:00:00.001,157492.0161553164
2021-10-11 16:00:00.006,157507.76535693195
2021-10-12 00:00:00.008,157523.5161334676
2021-10-12 08:00:00.013,157539.26848508097
2021-10-12 16:00:00.003,157555.0224119295
2021-10-13 00:00:00.003,157570.7779141707
2021-10-13 08:00:00.015,157586.5349919621
2021-10-13 16:00:00.000,157602.2936454613
2021-10-14 00:00:00.011,157618.05387482583
2021-10-14 08:00:00.017,157653.98606256768
2021-10-14 16:00:00.000,157681.23182443902
2021-10-15 00:00:00.005,157696.99994762146
2021-10-15 08:00:00.002,157754.85109205224
2021-10-15 16:00:00.005,157770.62657716146
2021-10-16 00:00:00.009,157846.48900524483
2021-10-16 08:00:00.000,157890.49029251994
2021-10-16 16:00:00.003,157958.8616115313
2021-10-17 00:00:00.001,158008.27272303202
2021-10-17 08:00:00.002,158071.6830229585
2021-10-17 16:00:00.002,158141.62974269612
2021-10-18 00:00:00.006,158202.37984976175
2021-10-18 08:00:00.004,158237.54349273097
2021-10-18 16:00:00.001,158253.36724708026
2021-10-19 00:00:00.002,158269.19258380495
2021-10-19 08:00:00.000,158292.89181270247
2021-10-19 16:00:00.000,158308.7211018837
2021-10-20 00:00:00.017,158324.55197399392
2021-10-20 08:00:00.004,158340.38442919133
2021-10-20 16:00:00.020,158440.51413809278
2021-10-21 00:00:00.000,158549.72243127276
2021-10-21 08:00:00.000,158640.2923747144
2021-10-21 16:00:00.008,158738.93966772177
2021-10-22 00:00:00.005,158792.0965764483
2021-10-22 08:00:00.005,158831.0149313982
2021-10-22 16:00:00.018,158883.78177117874
2021-10-23 00:00:00.005,158925.38231175987
2021-10-23 08:00:00.001,158948.98908804846
2021-10-23 16:00:00.004,158976.63031725088
2021-10-24 00:00:00.006,159024.85587805763
2021-10-24 08:00:00.012,159084.0735538895
2021-10-24 16:00:00.001,159136.35176214075
2021-10-25 00:00:00.012,159213.9737004398
2021-10-25 08:00:00.002,159245.86107509254
2021-10-25 16:00:00.022,159274.30397833916
2021-10-26 00:00:00.005,159339.59370102597
2021-10-26 08:00:00.016,159436.2140438544
2021-10-26 16:00:00.000,159525.49035190823
2021-10-27 00:00:00.004,159578.41293333247
2021-10-27 08:00:00.000,159626.77955450845
2021-10-27 16:00:00.002,159663.52085035853
2021-10-28 00:00:00.002,159688.3868470958
2021-10-28 08:00:00.000,159704.3556857805
2021-10-28 16:00:00.005,159726.3661400811
2021-10-29 00:00:00.000,159763.9337813973
2021-10-29 08:00:00.007,159802.47203750402
2021-10-29 16:00:00.001,159831.18534567973
2021-10-30 00:00:00.000,159858.3118944566
2021-10-30 08:00:00.001,159919.83016862292
2021-10-30 16:00:00.013,159956.90118445433
2021-10-31 00:00:00.008,159987.43375775238
2021-10-31 08:00:00.010,160065.691610975
2021-10-31 16:00:00.001,160135.91883251243
2021-11-01 00:00:00.009,160188.04947952915
2021-11-01 08:00:00.014,160238.407796644
2021-11-01 16:00:00.001,160329.44244088142
2021-11-02 00:00:00.000,160354.33198352595
2021-11-02 08:00:00.007,160407.5952784376
2021-11-02 16:00:00.010,160484.26529675283
2021-11-03 00:00:00.019,160615.97473328185
2021-11-03 08:00:00.000,160686.58954657332
2021-11-03 16:00:00.005,160737.04352882504
2021-11-04 00:00:00.006,160810.96167303267
2021-11-04 08:00:00.004,160892.57323608175
2021-11-04 16:00:00.004,160967.17590443985
2021-11-05 00:00:00.000,160996.74879399705
2021-11-05 08:00:00.013,161026.6426703131
2021-11-05 16:00:00.016,161092.93250830122
2021-11-06 00:00:00.010,161178.56145657602
2021-11-06 08:00:00.000,161251.6172513418
2021-11-06 16:00:00.007,161312.38814833533
2021-11-07 00:00:00.013,161340.20485654764
2021-11-07 08:00:00.005,161398.73424266346
2021-11-07 16:00:00.004,161459.1587007892
2021-11-08 00:00:00.001,161500.9136538208
2021-11-08 08:00:00.000,161580.57882450795
2021-11-08 16:00:00.000,161659.3655147428
2021-11-09 00:00:00.000,161721.9002071049
2021-11-09 08:00:00.014,161785.37767015517
2021-11-09 16:00:00.001,161895.13125251283
2021-11-10 00:00:00.000,161956.13171901746
2021-11-10 08:00:00.003,162066.60523558565
2021-11-10 16:00:00.001,162159.85025690796
2021-11-11 00:00:00.008,162197.4891797511
2021-11-11 08:00:00.012,162213.70892866908
2021-11-11 16:00:00.007,162249.09098286057
2021-11-12 00:00:00.000,162278.30879916478
2021-11-12 08:00:00.000,162335.98737846126
2021-11-12 16:00:00.004,162395.8357869281
2021-11-13 00:00:00.000,162420.91295189032
2021-11-13 08:00:00.004,162472.4523559882
2021-11-13 16:00:00.006,162507.93958903177
2021-11-14 00:00:00.010,162530.62894755718
2021-11-14 08:00:00.001,162546.88201045193
2021-11-14 16:00:00.000,162568.1090077737
2021-11-15 00:00:00.008,162594.3247410323
2021-11-15 08:00:00.000,162628.0549336998
2021-11-15 16:00:00.000,162694.71454713657
2021-11-16 00:00:00.000,162753.28139047927
2021-11-16 08:00:00.001,162769.5567186183
2021-11-16 16:00:00.018,162785.83367429016
2021-11-17 00:00:00.005,162802.1122576576
2021-11-17 08:00:00.007,162823.5288755251
2021-11-17 16:00:00.003,162839.81122841267
2021-11-18 00:00:00.017,162856.0952095355
2021-11-18 08:00:00.007,162872.38081905647
2021-11-18 16:00:00.011,162890.67953104147
2021-11-19 00:00:00.000,162906.96859899457
2021-11-19 08:00:00.000,162923.25929585448
2021-11-19 16:00:00.005,162939.55162178405
2021-11-20 00:00:00.012,162955.84557694625
2021-11-20 08:00:00.000,162972.14116150394
2021-11-20 16:00:00.007,162988.43837562008
2021-11-21 00:00:00.000,163004.73721945766
2021-11-21 08:00:00.006,163021.0376931796
2021-11-21 16:00:00.000,163037.3397969489
2021-11-22 00:00:00.004,163053.6435309286
2021-11-22 08:00:00.000,163069.94889528168
2021-11-22 16:00:00.000,163086.25589017122
2021-11-23 00:00:00.004,163102.56451576023
2021-11-23 08:00:00.010,163123.59985350582
2021-11-23 16:00:00.005,163139.9122134912
2021-11-24 00:00:00.001,163156.22620471253
2021-11-24 08:00:00.003,163172.541827333
2021-11-24 16:00:00.010,163192.13884960645
2021-11-25 00:00:00.000,163215.88167388766
2021-11-25 08:00:00.010,163243.26113803848
2021-11-25 16:00:00.000,163262.66749692254
2021-11-26 00:00:00.000,163285.30060051766
2021-11-26 08:00:00.000,163340.39469379326
2021-11-26 16:00:00.016,163356.72873326263
2021-11-27 00:00:00.005,163374.41046558073
2021-11-27 08:00:00.008,163390.7479066273
2021-11-27 16:00:00.007,163407.08698141796
2021-11-28 00:00:00.018,163423.4276901161
2021-11-28 08:00:00.000,163439.77003288514
2021-11-28 16:00:00.004,163456.1140098884
2021-11-29 00:00:00.002,163472.4596212894
2021-11-29 08:00:00.004,163488.80686725152
2021-11-29 16:00:00.000,163522.77003199013
2021-11-30 00:00:00.000,163568.24571433602
2021-11-30 08:00:00.006,163584.60253890746
2021-11-30 16:00:00.000,163600.96099916138
2021-12-01 00:00:00.000,163621.72032510256
2021-12-01 08:00:00.000,163669.4095117085
2021-12-01 16:00:00.001,163685.77645265966
2021-12-02 00:00:00.000,163711.88597086165
2021-12-02 08:00:00.007,163728.2571594587
2021-12-02 16:00:00.008,163744.62998517466
2021-12-03 00:00:00.004,163761.00444817316
2021-12-03 08:00:00.002,163780.14155915298
2021-12-03 16:00:00.006,163824.68648205424
2021-12-04 00:00:00.006,163841.06895070247
2021-12-04 08:00:00.004,163851.366361886
2021-12-04 16:00:00.000,163856.10658191485
2021-12-05 00:00:00.003,163869.6607590513
2021-12-05 08:00:00.008,163884.41066721623
2021-12-05 16:00:00.007,163900.79910828295
2021-12-06 00:00:00.009,163917.1891881938
2021-12-06 08:00:00.001,163933.5809071126
2021-12-06 16:00:00.000,163949.97426520332
2021-12-07 00:00:00.018,163966.36926262983
2021-12-07 08:00:00.000,163972.89020513542
2021-12-07 16:00:00.000,163989.28749415596
2021-12-08 00:00:00.000,164005.68642290536
2021-12-08 08:00:00.018,164022.08699154767
2021-12-08 16:00:00.010,164038.4892002468
2021-12-09 00:00:00.010,164054.89304916686
2021-12-09 08:00:00.000,164071.29853847175
2021-12-09 16:00:00.000,164087.7056683256
2021-12-10 00:00:00.000,164104.11443889243
2021-12-10 08:00:00.008,164120.5248503363
2021-12-10 16:00:00.012,164136.93690282136
2021-12-11 00:00:00.009,164153.35059651165
2021-12-11 08:00:00.008,164169.76593157128
2021-12-11 16:00:00.000,164186.18290816445
2021-12-12 00:00:00.001,164202.60152645528
2021-12-12 08:00:00.015,164219.02178660792
2021-12-12 16:00:00.011,164235.4436887866
2021-12-13 00:00:00.006,164251.86723315547
2021-12-13 08:00:00.019,164268.29241987877
2021-12-13 16:00:00.000,164284.71924912077
2021-12-14 00:00:00.004,164283.90932545488
2021-12-14 08:00:00.000,164300.3377163874
2021-12-14 16:00:00.015,164314.85858023478
2021-12-15 00:00:00.000,164331.2900660928
2021-12-15 08:00:00.008,164347.72319509942
2021-12-15 16:00:00.005,164364.15796741893
2021-12-16 00:00:00.006,164380.59438321565
2021-12-16 08:00:00.009,164397.032442654
2021-12-16 16:00:00.000,164413.47214589824
2021-12-17 00:00:00.000,164429.91349311284
2021-12-17 08:00:00.005,164446.35648446213
2021-12-17 16:00:00.006,164454.04928501847
2021-12-18 00:00:00.014,164469.04584977275
2021-12-18 08:00:00.012,164484.21154049056
2021-12-18 16:00:00.000,164498.03150394422
2021-12-19 00:00:00.031,164509.6779645747
2021-12-19 08:00:00.000,164526.12893237115
2021-12-19 16:00:00.003,164542.58154526437
2021-12-20 00:00:00.015,164559.0358034189
2021-12-20 08:00:00.007,164575.49170699925
2021-12-20 16:00:00.005,164591.94925616996
2021-12-21 00:00:00.003,164607.06538078966
2021-12-21 08:00:00.012,164623.52608732774
2021-12-21 16:00:00.005,164639.98843993645
2021-12-22 00:00:00.000,164656.45243878046
2021-12-22 08:00:00.001,164672.9180840243
2021-12-22 16:00:00.006,164689.3853758327
2021-12-23 00:00:00.011,164705.39318409123
2021-12-23 08:00:00.000,164721.86372340965
2021-12-23 16:00:00.000,164728.48224789408
2021-12-24 00:00:00.005,164744.95509611885
2021-12-24 08:00:00.000,164761.42959162846
2021-12-24 16:00:00.011,164777.90573458764
2021-12-25 00:00:00.000,164794.3835251611
2021-12-25 08:00:00.001,164810.86296351362
2021-12-25 16:00:00.005,164827.34404980997
2021-12-26 00:00:00.004,164843.82678421494
2021-12-26 08:00:00.002,164860.31116689337
2021-12-26 16:00:00.000,164876.79719801006
2021-12-27 00:00:00.002,164893.28487772986
2021-12-27 08:00:00.005,164909.7742062176
2021-12-27 16:00:00.000,164926.26518363826
2021-12-28 00:00:00.000,164942.75781015662
2021-12-28 08:00:00.012,164959.25208593762
2021-12-28 16:00:00.000,164975.7480111462
2021-12-29 00:00:00.006,164992.24558594733
2021-12-29 08:00:00.003,165008.74481050592
2021-12-29 16:00:00.004,165025.24568498696
2021-12-30 00:00:00.003,165041.74820955546
2021-12-30 08:00:00.001,165058.25238437642
2021-12-30 16:00:00.017,165074.75820961487
2021-12-31 00:00:00.006,165069.6375906152
2021-12-31 08:00:00.009,165086.14455437424
2021-12-31 16:00:00.000,165102.65316882968
2022-01-01 00:00:00.006,165119.16343414655
2022-01-01 08:00:00.009,165135.67535049
2022-01-01 16:00:00.000,165152.18891802503
2022-01-02 00:00:00.028,165168.70413691684
2022-01-02 08:00:00.000,165185.22100733052
2022-01-02 16:00:00.000,165201.73952943127
2022-01-03 00:00:00.010,165218.25970338422
2022-01-03 08:00:00.013,165234.78152935457
2022-01-03 16:00:00.018,165251.3050075075
2022-01-04 00:00:00.000,165267.83013800823
2022-01-04 08:00:00.010,165284.35692102203
2022-01-04 16:00:00.002,165300.88535671413
2022-01-05 00:00:00.001,165317.41544524982
2022-01-05 08:00:00.017,165333.94718679434
2022-01-05 16:00:00.000,165350.480581513
2022-01-06 00:00:00.002,165367.01562957113
2022-01-06 08:00:00.021,165383.5523311341
2022-01-06 16:00:00.006,165400.09068636724
2022-01-07 00:00:00.005,165416.63069543586
2022-01-07 08:00:00.000,165433.1723585054
2022-01-07 16:00:00.001,165449.71567574126
2022-01-08 00:00:00.014,165466.26064730884
2022-01-08 08:00:00.013,165482.80727337356
2022-01-08 16:00:00.000,165499.3555541009
2022-01-09 00:00:00.003,165515.90548965632
2022-01-09 08:00:00.000,165532.45708020526
2022-01-09 16:00:00.000,165549.0103259133
2022-01-10 00:00:00.000,165565.56522694588
2022-01-10 08:00:00.010,165573.05210180543
2022-01-10 16:00:00.007,165589.6094070156
2022-01-11 00:00:00.013,165606.16836795633
2022-01-11 08:00:00.004,165618.41328804544
2022-01-11 16:00:00.000,165634.97512937427
2022-01-12 00:00:00.012,165627.0710283611
2022-01-12 08:00:00.015,165643.01263394757
2022-01-12 16:00:00.000,165634.16398421268
2022-01-13 00:00:00.007,165621.73148386402
2022-01-13 08:00:00.000,165638.2936570124
2022-01-13 16:00:00.014,165628.22119237512
2022-01-14 00:00:00.000,165629.20171144456
2022-01-14 08:00:00.006,165614.01351364763
2022-01-14 16:00:00.014,165602.99190104828
2022-01-15 00:00:00.000,165606.7709613235
2022-01-15 08:00:00.002,165623.3316384196
2022-01-15 16:00:00.000,165627.7388752745
2022-01-16 00:00:00.000,165642.7613111905
2022-01-16 08:00:00.017,165638.90183485195
2022-01-16 16:00:00.011,165644.89796309837
2022-01-17 00:00:00.005,165647.7984052617
2022-01-17 08:00:00.006,165658.80901442168
2022-01-17 16:00:00.012,165675.37489532313
2022-01-18 00:00:00.020,165691.94243281268
2022-01-18 08:00:00.000,165708.5083132171
2022-01-18 16:00:00.013,165725.07916404842
2022-01-19 00:00:00.001,165733.32067223522
2022-01-19 08:00:00.000,165749.89400430245
2022-01-19 16:00:00.000,165766.46899370287
2022-01-20 00:00:00.015,165783.0456406022
2022-01-20 08:00:00.000,165799.62394516627
2022-01-20 16:00:00.000,165816.2039075608
2022-01-21 00:00:00.007,165832.78552795155
2022-01-21 08:00:00.015,165840.286144841
2022-01-21 16:00:00.000,165853.92816677925
2022-01-22 00:00:00.017,165852.1850419942
2022-01-22 08:00:00.003,165859.02146906164
2022-01-22 16:00:00.021,165875.60737120855
2022-01-23 00:00:00.026,165892.19493194568
2022-01-23 08:00:00.010,165890.1113259773
2022-01-23 16:00:00.009,165887.50187452615
2022-01-24 00:00:00.010,165893.27475959138
2022-01-24 08:00:00.000,165902.57307764166
2022-01-24 16:00:00.021,165910.8831375271
2022-01-25 00:00:00.000,165927.47422584085
2022-01-25 08:00:00.000,165940.95749239647
2022-01-25 16:00:00.012,165924.35012137063
2022-01-26 00:00:00.000,165925.47176997745
2022-01-26 08:00:00.001,165922.31088974024
2022-01-26 16:00:00.005,165915.45829830048
2022-01-27 00:00:00.004,165907.37987463592
2022-01-27 08:00:00.004,165890.4805489219
2022-01-27 16:00:00.019,165877.94918202123
2022-01-28 00:00:00.000,165877.13140373176
2022-01-28 08:00:00.000,165889.01650019686
2022-01-28 16:00:00.025,165893.79410387203
2022-01-29 00:00:00.017,165891.9808847025
2022-01-29 08:00:00.000,165900.67196558104
2022-01-29 16:00:00.013,165895.64683422723
2022-01-30 00:00:00.025,165905.68352086068
2022-01-30 08:00:00.009,165920.8240735388
2022-01-30 16:00:00.000,165937.41615594618
2022-01-31 00:00:00.000,165952.2293890864
2022-01-31 08:00:00.000,165940.00036930272
2022-01-31 16:00:00.000,165930.62807808185
2022-02-01 00:00:00.010,165923.99085295873
2022-02-01 08:00:00.000,165934.13378651955
2022-02-01 16:00:00.004,165923.75294710987
2022-02-02 00:00:00.004,165918.93286208675
2022-02-02 08:00:00.000,165935.52475537296
2022-02-02 16:00:00.002,165939.76108931995
2022-02-03 00:00:00.002,165926.9571773543
2022-02-03 08:00:00.000,165928.89520421415
2022-02-03 16:00:00.000,165926.35151425065
2022-02-04 00:00:00.018,165928.7773575098
2022-02-04 08:00:00.005,165914.55560200248
2022-02-04 16:00:00.010,165931.14705756266
2022-02-05 00:00:00.014,165943.52054319874
2022-02-05 08:00:00.000,165960.11489525306
2022-02-05 16:00:00.000,165976.7109067426
2022-02-06 00:00:00.000,165993.3085778333
2022-02-06 08:00:00.000,166009.90790869106
2022-02-06 16:00:00.000,166026.5088994819
2022-02-07 00:00:00.003,166028.96111101835
2022-02-07 08:00:00.014,166037.70087553124
2022-02-07 16:00:00.003,166021.73302983804
2022-02-08 00:00:00.001,166038.33520314103
2022-02-08 08:00:00.003,166054.93903666135
2022-02-08 16:00:00.002,166071.544530565
2022-02-09 00:00:00.000,166085.18896866366
2022-02-09 08:00:00.005,166094.86509177298
2022-02-09 16:00:00.001,166103.36914886566
2022-02-10 00:00:00.012,166119.97948578055
2022-02-10 08:00:00.000,166116.99098734962
2022-02-10 16:00:00.006,166133.60268644834
2022-02-11 00:00:00.000,166140.07359027298
2022-02-11 08:00:00.009,166131.37117321833
2022-02-11 16:00:00.015,166118.67375251953
2022-02-12 00:00:00.020,166135.2856198948
2022-02-12 08:00:00.001,166151.89914845678
2022-02-12 16:00:00.007,166168.51433837163
2022-02-13 00:00:00.022,166181.88591872045
2022-02-13 08:00:00.001,166195.0757750058
2022-02-13 16:00:00.007,166206.40030746913
2022-02-14 00:00:00.005,166222.550583387
2022-02-14 08:00:00.013,166227.31618391225
2022-02-14 16:00:00.019,166238.02953444028
2022-02-15 00:00:00.012,166254.65333739374
2022-02-15 08:00:00.005,166241.75197629473
2022-02-15 16:00:00.011,166250.8321007877
2022-02-16 00:00:00.009,166267.45718399776
2022-02-16 08:00:00.001,166284.08392971617
2022-02-16 16:00:00.014,166300.71233810912
2022-02-17 00:00:00.018,166317.34240934293
2022-02-17 08:00:00.000,166333.97414358385
2022-02-17 16:00:00.010,166350.60754099823
2022-02-18 00:00:00.000,166349.8789253372
2022-02-18 08:00:00.002,166345.01651837621
2022-02-18 16:00:00.000,166343.4595290216
2022-02-19 00:00:00.007,166360.0938749745
2022-02-19 08:00:00.000,166361.69259547663
2022-02-19 16:00:00.023,166374.51908197574
2022-02-20 00:00:00.001,166379.54858368757
2022-02-20 08:00:00.003,166390.49802177984
2022-02-20 16:00:00.001,166377.99044804357
2022-02-21 00:00:00.000,166388.80501742268
2022-02-21 08:00:00.001,166381.320848973
2022-02-21 16:00:00.005,166375.5424256999
2022-02-22 00:00:00.005,166366.6296878922
2022-02-22 08:00:00.000,166370.75058930955
2022-02-22 16:00:00.000,166365.61805165387
2022-02-23 00:00:00.002,166361.25428149235
2022-02-23 08:00:00.005,166340.28777261524
2022-02-23 16:00:00.010,166334.74531422666
2022-02-24 00:00:00.008,166345.51548898575
2022-02-24 08:00:00.003,166318.82535102556
2022-02-24 16:00:00.001,166303.5073872107
2022-02-25 00:00:00.000,166320.13773794944
2022-02-25 08:00:00.006,166330.4828505167
2022-02-25 16:00:00.001,166332.14282873555
2022-02-26 00:00:00.004,166347.6649443043
2022-02-26 08:00:00.004,166364.29971079875
2022-02-26 16:00:00.007,166376.96668857872
2022-02-27 00:00:00.012,166386.24054070195
2022-02-27 08:00:00.000,166389.24048461887
2022-02-27 16:00:00.000,166388.19556018861
2022-02-28 00:00:00.000,166352.9761708344
2022-02-28 08:00:00.001,166338.0276923957
2022-02-28 16:00:00.002,166329.06872622418
2022-03-01 00:00:00.002,166345.70163309682
2022-03-01 08:00:00.001,166362.3362032601
2022-03-01 16:00:00.000,166369.60457372884
2022-03-02 00:00:00.000,166368.76107983364
2022-03-02 08:00:00.000,166385.39795594162
2022-03-02 16:00:00.002,166402.0364957372
2022-03-03 00:00:00.000,166418.6766993868
2022-03-03 08:00:00.000,166435.31856705673
2022-03-03 16:00:00.005,166451.96209891344
2022-03-04 00:00:00.018,166468.60729512334
2022-03-04 08:00:00.000,166485.25415585286
2022-03-04 16:00:00.000,166501.90268126843
2022-03-05 00:00:00.006,166518.55287153655
2022-03-05 08:00:00.004,166535.2047268237
2022-03-05 16:00:00.000,166537.96254981396
2022-03-06 00:00:00.004,166544.81558697287
2022-03-06 08:00:00.000,166543.2167567432
2022-03-06 16:00:00.013,166546.47600749516
2022-03-07 00:00:00.008,166547.00562528888
2022-03-07 08:00:00.006,166532.04470777357
2022-03-07 16:00:00.000,166526.7539847132
2022-03-08 00:00:00.008,166532.3792584628
2022-03-08 08:00:00.002,166549.03249638865
2022-03-08 16:00:00.000,166565.6873996383
2022-03-09 00:00:00.008,166576.9738906165
2022-03-09 08:00:00.000,166593.63158800555
2022-03-09 16:00:00.004,166610.29095116435
2022-03-10 00:00:00.000,166626.95198025947
2022-03-10 08:00:00.017,166640.74869188343
2022-03-10 16:00:00.000,166625.8860035076
2022-03-11 00:00:00.008,166609.5433366084
2022-03-11 08:00:00.000,166596.60610556827
2022-03-11 16:00:00.001,166603.77142559687
2022-03-12 00:00:00.010,166603.25995201862
2022-03-12 08:00:00.001,166608.5379432939
2022-03-12 16:00:00.002,166602.5983489162
2022-03-13 00:00:00.008,166592.84376678287
2022-03-13 08:00:00.000,166593.86498091518
2022-03-13 16:00:00.002,166584.3008271266
2022-03-14 00:00:00.014,166570.95909047336
2022-03-14 08:00:00.005,166559.8005019239
2022-03-14 16:00:00.002,166564.31094132146
2022-03-15 00:00:00.008,166573.84841376595
2022-03-15 08:00:00.000,166581.30425922098
2022-03-15 16:00:00.006,166596.3981911999
2022-03-16 00:00:00.013,166613.05783101902
2022-03-16 08:00:00.000,166622.83968364427
2022-03-16 16:00:00.008,166639.50196761262
2022-03-17 00:00:00.004,166656.16591780938
2022-03-17 08:00:00.000,166672.83153440116
2022-03-17 16:00:00.004,166689.4988175546
2022-03-18 00:00:00.000,166706.16776743633
2022-03-18 08:00:00.000,166708.93842394464
2022-03-18 16:00:00.017,166725.60931778702
2022-03-19 00:00:00.008,166742.28187871882
2022-03-19 08:00:00.015,166758.95610690667
2022-03-19 16:00:00.000,166775.63200251738
2022-03-20 00:00:00.000,166792.30956571762
2022-03-20 08:00:00.001,166808.98879667418
2022-03-20 16:00:00.002,166825.66969555386
2022-03-21 00:00:00.013,166842.35226252343
2022-03-21 08:00:00.004,166840.76058648282
2022-03-21 16:00:00.010,166840.60542457548
2022-03-22 00:00:00.012,166857.28948511794
2022-03-22 08:00:00.001,166873.97521406645
2022-03-22 16:00:00.022,166890.66261158785
2022-03-23 00:00:00.007,166907.35167784902
2022-03-23 08:00:00.000,166924.04241301678
2022-03-23 16:00:00.006,166935.75046535165
2022-03-24 00:00:00.013,166938.52827623938
2022-03-24 08:00:00.006,166939.8637844656
2022-03-24 16:00:00.020,166938.34963990108
2022-03-25 00:00:00.010,166939.46812684363
2022-03-25 08:00:00.001,166954.97012585393
2022-03-25 16:00:00.014,166964.1075713689
2022-03-26 00:00:00.020,166980.36820580528
2022-03-26 08:00:00.006,166968.49423182217
2022-03-26 16:00:00.000,166985.19108124534
2022-03-27 00:00:00.004,166971.4097934254
2022-03-27 08:00:00.001,166973.59044003728
2022-03-27 16:00:00.006,166990.28779908127
2022-03-28 00:00:00.012,167006.98682786117
2022-03-28 08:00:00.007,167023.68752654394
2022-03-28 16:00:00.000,167040.38989529663
2022-03-29 00:00:00.000,167057.09393428612
2022-03-29 08:00:00.015,167073.79964367958
2022-03-29 16:00:00.000,167089.8287040174
2022-03-30 00:00:00.000,167106.53768688778
2022-03-30 08:00:00.002,167123.2483406565
2022-03-30 16:00:00.028,167139.96066549054
2022-03-31 00:00:00.017,167156.6746615571
2022-03-31 08:00:00.000,167173.39032902324
2022-03-31 16:00:00.015,167190.10766805615
2022-04-01 00:00:00.000,167206.82667882295
2022-04-01 08:00:00.000,167219.57787142548
2022-04-01 16:00:00.018,167234.9503672192
2022-04-02 00:00:00.000,167251.6738622559
2022-04-02 08:00:00.002,167268.3990296421
2022-04-02 16:00:00.006,167285.1258695451
2022-04-03 00:00:00.018,167301.85438213206
2022-04-03 08:00:00.018,167318.58456757027
2022-04-03 16:00:00.015,167335.31642602704
2022-04-04 00:00:00.006,167352.04995766963
2022-04-04 08:00:00.000,167368.78516266542
2022-04-04 16:00:00.016,167385.52204118166
2022-04-05 00:00:00.000,167402.26059338578
2022-04-05 08:00:00.010,167419.00081944512
2022-04-05 16:00:00.008,167435.74271952707
2022-04-06 00:00:00.001,167452.31550934142
2022-04-06 08:00:00.021,167469.06074089237
2022-04-06 16:00:00.000,167485.80764696645
2022-04-07 00:00:00.009,167502.55622773117
2022-04-07 08:00:00.000,167519.30648335392
2022-04-07 16:00:00.000,167523.3621257639
2022-04-08 00:00:00.000,167530.57568173707
2022-04-08 08:00:00.004,167547.32873930523
2022-04-08 16:00:00.008,167564.08347217916
2022-04-09 00:00:00.008,167580.83988052636
2022-04-09 08:00:00.000,167596.3897066589
2022-04-09 16:00:00.001,167613.14934562953
2022-04-10 00:00:00.004,167617.71009942325
2022-04-10 08:00:00.007,167628.15435893953
2022-04-10 16:00:00.016,167644.91717437544
2022-04-11 00:00:00.000,167645.3245515242
2022-04-11 08:00:00.000,167662.08908397934
2022-04-11 16:00:00.009,167678.85529288775
2022-04-12 00:00:00.000,167667.4615146706
2022-04-12 08:00:00.006,167650.67464842374
2022-04-12 16:00:00.013,167638.9374246916
2022-04-13 00:00:00.005,167636.10097387037
2022-04-13 08:00:00.008,167637.3632737107
2022-04-13 16:00:00.013,167634.87385886608
2022-04-14 00:00:00.007,167643.2857768363
2022-04-14 08:00:00.000,167649.2086141228
2022-04-14 16:00:00.006,167656.62373861982
2022-04-15 00:00:00.008,167634.4377376005
2022-04-15 08:00:00.002,167623.03021411246
2022-04-15 16:00:00.000,167635.93215874804
2022-04-16 00:00:00.011,167639.61512017756
2022-04-16 08:00:00.007,167648.33070376766
2022-04-16 16:00:00.007,167658.7265767546
2022-04-17 00:00:00.000,167659.93371958594
2022-04-17 08:00:00.004,167676.4281038653
2022-04-17 16:00:00.000,167693.19574667566
2022-04-18 00:00:00.008,167687.7775795211
2022-04-18 08:00:00.012,167658.94031241073
2022-04-18 16:00:00.000,167649.82637241535
2022-04-19 00:00:00.021,167666.59135505257
2022-04-19 08:00:00.031,167677.07219367818
2022-04-19 16:00:00.000,167668.64139048828
2022-04-20 00:00:00.025,167684.48607709972
2022-04-20 08:00:00.003,167700.48820760605
2022-04-20 16:00:00.000,167706.7166037381
2022-04-21 00:00:00.000,167707.01344462647
2022-04-21 08:00:00.000,167698.21721177132
2022-04-21 16:00:00.024,167707.2041592317
2022-04-22 00:00:00.008,167712.27897922957
2022-04-22 08:00:00.008,167683.79472576774
2022-04-22 16:00:00.008,167683.09883801962
2022-04-23 00:00:00.000,167667.96879201147
2022-04-23 08:00:00.000,167655.2897402114
2022-04-23 16:00:00.012,167635.36726213156
2022-04-24 00:00:00.004,167604.73525147178
2022-04-24 08:00:00.003,167579.13195211475
2022-04-24 16:00:00.000,167573.00861063323
2022-04-25 00:00:00.008,167558.0812070262
2022-04-25 08:00:00.018,167544.93795113632
2022-04-25 16:00:00.000,167557.03972200453
2022-04-26 00:00:00.014,167573.7954259767
2022-04-26 08:00:00.000,167590.5528055193
2022-04-26 16:00:00.017,167607.31186079988
2022-04-27 00:00:00.012,167586.12629658068
2022-04-27 08:00:00.000,167567.6348434051
2022-04-27 16:00:00.002,167570.93257445886
2022-04-28 00:00:00.000,167561.35421995292
2022-04-28 08:00:00.004,167552.06461847495
2022-04-28 16:00:00.030,167568.8198249368
2022-04-29 00:00:00.000,167585.5767069193
2022-04-29 08:00:00.016,167602.33526459
2022-04-29 16:00:00.010,167606.73985396072
2022-04-30 00:00:00.000,167591.03342636902
2022-04-30 08:00:00.005,167598.63535564527
2022-04-30 16:00:00.015,167608.56725077642
2022-05-01 00:00:00.000,167612.59488464746
2022-05-01 08:00:00.000,167612.7541166126
2022-05-01 16:00:00.010,167629.51539202427
2022-05-02 00:00:00.018,167646.27834356346
2022-05-02 08:00:00.007,167661.3665086144
2022-05-02 16:00:00.000,167678.13264526526
2022-05-03 00:00:00.006,167694.90045852977
2022-05-03 08:00:00.000,167711.66994857564
2022-05-03 16:00:00.021,167728.4411155705
2022-05-04 00:00:00.007,167745.21395968203
2022-05-04 08:00:00.011,167749.41429983955
2022-05-04 16:00:00.000,167766.18924126955
2022-05-05 00:00:00.005,167782.96586019365
2022-05-05 08:00:00.019,167799.74415677966
2022-05-05 16:00:00.005,167816.52413119536
2022-05-06 00:00:00.005,167793.93602704728
2022-05-06 08:00:00.001,167784.3147227555
2022-05-06 16:00:00.010,167791.3566304444
2022-05-07 00:00:00.004,167782.5089922093
2022-05-07 08:00:00.016,167792.57258709866
2022-05-07 16:00:00.011,167793.7689481412
2022-05-08 00:00:00.000,167789.30731182487
2022-05-08 08:00:00.007,167806.08624255605
2022-05-08 16:00:00.015,167822.8668511803
2022-05-09 00:00:00.000,167839.6491378654
2022-05-09 08:00:00.001,167856.43310277918
2022-05-09 16:00:00.000,167873.21874608943
2022-05-10 00:00:00.000,167890.00606796404
2022-05-10 08:00:00.007,167906.79506857085
2022-05-10 16:00:00.008,167923.58574807772
2022-05-11 00:00:00.004,167936.3143558774
2022-05-11 08:00:00.007,167947.96745673055
2022-05-11 16:00:00.008,167942.06912411348
2022-05-12 00:00:00.014,167910.54135947677
2022-05-12 08:00:00.000,167840.02732763288
2022-05-12 16:00:00.007,167815.39176842172
2022-05-13 00:00:00.014,167803.43156545042
2022-05-13 08:00:00.001,167802.41635468946
2022-05-13 16:00:00.000,167812.5600107581
2022-05-14 00:00:00.000,167829.34126675918
2022-05-14 08:00:00.000,167846.12420088585
2022-05-14 16:00:00.001,167862.90881330596
2022-05-15 00:00:00.000,167876.82464844658
2022-05-15 08:00:00.000,167893.61233091142
2022-05-15 16:00:00.000,167908.81173963574
2022-05-16 00:00:00.021,167925.60262080972
2022-05-16 08:00:00.013,167940.5194520905
2022-05-16 16:00:00.006,167948.81571375142
2022-05-17 00:00:00.000,167965.6105953228
2022-05-17 08:00:00.010,167964.41803948756
2022-05-17 16:00:00.023,167972.32076535633
2022-05-18 00:00:00.003,167960.6366107239
2022-05-18 08:00:00.024,167950.9738352997
2022-05-18 16:00:00.014,167955.83265697275
2022-05-19 00:00:00.000,167955.2599275834
2022-05-19 08:00:00.008,167964.70573140171
2022-05-19 16:00:00.015,167977.24429668457
2022-05-20 00:00:00.001,167994.04202111423
2022-05-20 08:00:00.003,168010.84142531635
2022-05-20 16:00:00.012,168027.64250945888
2022-05-21 00:00:00.008,168027.30309362098
2022-05-21 08:00:00.001,168023.6972276966
2022-05-21 16:00:00.007,168027.98015173897
2022-05-22 00:00:00.003,168032.02962606063
2022-05-22 08:00:00.016,168026.8828049932
2022-05-22 16:00:00.000,168043.6854932737
2022-05-23 00:00:00.011,168060.489861823
2022-05-23 08:00:00.000,168077.2959108092
2022-05-23 16:00:00.023,168094.10364040025
2022-05-24 00:00:00.011,168073.30703789784
2022-05-24 08:00:00.000,168072.17086234226
2022-05-24 16:00:00.009,168077.03150952363
2022-05-25 00:00:00.001,168083.21506351288
2022-05-25 08:00:00.000,168100.02338501922
2022-05-25 16:00:00.015,168116.83338735774
2022-05-26 00:00:00.005,168129.4690485551
2022-05-26 08:00:00.001,168146.28199545995
2022-05-26 16:00:00.000,168147.49433015313
2022-05-27 00:00:00.007,168164.30907958612
2022-05-27 08:00:00.008,168181.12551049408
2022-05-27 16:00:00.000,168197.94362304514
2022-05-28 00:00:00.018,168214.76341740743
2022-05-28 08:00:00.016,168229.41828759637
2022-05-28 16:00:00.013,168246.24122942516
2022-05-29 00:00:00.000,168263.0658535481
2022-05-29 08:00:00.025,168279.89216013343
2022-05-29 16:00:00.002,168296.72014934945
2022-05-30 00:00:00.000,168313.54982136437
2022-05-30 08:00:00.013,168330.3811763465
2022-05-30 16:00:00.005,168347.21421446415
2022-05-31 00:00:00.016,168364.0489358856
2022-05-31 08:00:00.000,168380.88534077918
2022-05-31 16:00:00.000,168397.72342931325
2022-06-01 00:00:00.000,168414.5632016562
2022-06-01 08:00:00.011,168431.40465797635
2022-06-01 16:00:00.000,168448.24779844214
2022-06-02 00:00:00.000,168445.8019298841
2022-06-02 08:00:00.006,168449.6172272978
2022-06-02 16:00:00.021,168453.1664607328
2022-06-03 00:00:00.016,168447.47611276974
2022-06-03 08:00:00.016,168445.02351751755
2022-06-03 16:00:00.012,168456.70854879898
2022-06-04 00:00:00.005,168457.16338191205
2022-06-04 08:00:00.000,168465.2409028962
2022-06-04 16:00:00.007,168474.51659906033
2022-06-05 00:00:00.005,168481.8587184937
2022-06-05 08:00:00.015,168486.62338545825
2022-06-05 16:00:00.000,168494.63155466778
2022-06-06 00:00:00.000,168504.8018906284
2022-06-06 08:00:00.017,168521.072714299
2022-06-06 16:00:00.000,168537.92482157043
2022-06-07 00:00:00.000,168554.77861405257
2022-06-07 08:00:00.011,168537.5287180092
2022-06-07 16:00:00.000,168531.28440257022
2022-06-08 00:00:00.008,168548.1375310105
2022-06-08 08:00:00.020,168564.9923447636
2022-06-08 16:00:00.012,168581.84884399807
2022-06-09 00:00:00.000,168598.70702888246
2022-06-09 08:00:00.000,168614.0596271445
2022-06-09 16:00:00.000,168630.9210331072
2022-06-10 00:00:00.009,168647.78412521054
2022-06-10 08:00:00.000,168663.4498178779
2022-06-10 16:00:00.006,168669.35809852503
2022-06-11 00:00:00.018,168672.33005261474
2022-06-11 08:00:00.014,168672.96932074564
2022-06-11 16:00:00.000,168684.11185709896
2022-06-12 00:00:00.015,168700.98026828468
2022-06-12 08:00:00.019,168701.93005480358
2022-06-12 16:00:00.010,168702.67065627652
2022-06-13 00:00:00.009,168712.14499826057
2022-06-13 08:00:00.000,168706.77657780674
2022-06-13 16:00:00.007,168705.7980785026
2022-06-14 00:00:00.013,168712.69477152804
2022-06-14 08:00:00.008,168695.76107835383
2022-06-14 16:00:00.006,168687.0125161843
2022-06-15 00:00:00.000,168683.50888693432
2022-06-15 08:00:00.016,168671.2962008909
2022-06-15 16:00:00.008,168670.1728500582
2022-06-16 00:00:00.009,168663.23375914714
2022-06-16 08:00:00.016,168670.78143885787
2022-06-16 16:00:00.000,168661.88068172135
2022-06-17 00:00:00.008,168658.1330147326
2022-06-17 08:00:00.003,168642.13410423484
2022-06-17 16:00:00.000,168650.7213617034
2022-06-18 00:00:00.020,168663.1273087668
2022-06-18 08:00:00.025,168670.84364684115
2022-06-18 16:00:00.014,168679.6600718386
2022-06-19 00:00:00.012,168686.8171498154
2022-06-19 08:00:00.012,168679.12671782155
2022-06-19 16:00:00.008,168691.33739980464
2022-06-20 00:00:00.016,168692.81007518017
2022-06-20 08:00:00.000,168691.89913400574
2022-06-20 16:00:00.013,168702.1556014731
2022-06-21 00:00:00.012,168719.02581703325
2022-06-21 08:00:00.018,168727.40609104556
2022-06-21 16:00:00.010,168730.82788284108
2022-06-22 00:00:00.000,168731.1282237147
2022-06-22 08:00:00.001,168726.0966614711
2022-06-22 16:00:00.012,168723.32955348585
2022-06-23 00:00:00.000,168721.85828605213
2022-06-23 08:00:00.000,168719.19754234696
2022-06-23 16:00:00.016,168714.71636046024
2022-06-24 00:00:00.005,168724.84936632487
2022-06-24 08:00:00.004,168741.72185126148
2022-06-24 16:00:00.018,168758.59602344662
2022-06-25 00:00:00.001,168763.01918624836
2022-06-25 08:00:00.010,168779.89548816698
2022-06-25 16:00:00.000,168796.7734777158
2022-06-26 00:00:00.002,168813.65315506357
2022-06-26 08:00:00.016,168830.53452037906
2022-06-26 16:00:00.006,168831.663996655
2022-06-27 00:00:00.008,168844.8666327795
2022-06-27 08:00:00.000,168850.83192191765
2022-06-27 16:00:00.016,168861.13519968154
2022-06-28 00:00:00.016,168856.76845072527
2022-06-28 08:00:00.001,168847.29052031212
2022-06-28 16:00:00.005,168851.40195183625
2022-06-29 00:00:00.000,168858.47344854998
2022-06-29 08:00:00.013,168872.54780231192
2022-06-29 16:00:00.000,168881.53013312953
2022-06-30 00:00:00.000,168882.07730928718
2022-06-30 08:00:00.000,168873.3646829188
2022-06-30 16:00:00.000,168846.5492813408
2022-07-01 00:00:00.001,168831.71442352093
2022-07-01 08:00:00.017,168836.95833657094
2022-07-01 16:00:00.005,168823.34838935942
2022-07-02 00:00:00.000,168818.43056522083
2022-07-02 08:00:00.000,168827.23951092773
2022-07-02 16:00:00.008,168830.81864840534
2022-07-03 00:00:00.015,168836.84590863108
2022-07-03 08:00:00.004,168844.91462149707
2022-07-03 16:00:00.005,168857.15756625627
2022-07-04 00:00:00.021,168870.31491597384
2022-07-04 08:00:00.001,168878.13361155443
2022-07-04 16:00:00.000,168881.929991998
2022-07-05 00:00:00.000,168890.86553491387
2022-07-05 08:00:00.000,168907.75462146738
2022-07-05 16:00:00.015,168907.95731077294
2022-07-06 00:00:00.006,168924.848106504
2022-07-06 08:00:00.000,168941.74059131465
2022-07-06 16:00:00.000,168955.8860832544
2022-07-07 00:00:00.010,168964.79681668643
2022-07-07 08:00:00.010,168981.6932963681
2022-07-07 16:00:00.011,168998.59146569774
2022-07-08 00:00:00.008,168998.94974271164
2022-07-08 08:00:00.009,169015.8496376859
2022-07-08 16:00:00.000,169032.75122264968
2022-07-09 00:00:00.000,169049.65449777193
2022-07-09 08:00:00.000,169066.5594632217
2022-07-09 16:00:00.009,169076.9452219695
2022-07-10 00:00:00.001,169093.78866725255
2022-07-10 08:00:00.002,169110.69804611927
2022-07-10 16:00:00.001,169127.60911592387
2022-07-11 00:00:00.000,169135.292583206
2022-07-11 08:00:00.003,169147.53121297734
2022-07-11 16:00:00.001,169161.9087531304
2022-07-12 00:00:00.000,169175.44678068793
2022-07-12 08:00:00.021,169186.32983717934
2022-07-12 16:00:00.000,169190.8420365961
2022-07-13 00:00:00.012,169188.80497885798
2022-07-13 08:00:00.022,169189.8488737847
2022-07-13 16:00:00.005,169187.7881414254
2022-07-14 00:00:00.017,169187.88457846467
2022-07-14 08:00:00.001,169204.8033669225
2022-07-14 16:00:00.000,169210.64262468673
2022-07-15 00:00:00.004,169226.3064538745
2022-07-15 08:00:00.019,169228.6773144279
2022-07-15 16:00:00.017,169231.3866655517
2022-07-16 00:00:00.021,169241.63362601429
2022-07-16 08:00:00.014,169255.16618703902
2022-07-16 16:00:00.005,169256.52022836852
2022-07-17 00:00:00.000,169270.12506746448
2022-07-17 08:00:00.003,169287.05207997124
2022-07-17 16:00:00.007,169301.79528933688
2022-07-18 00:00:00.001,169318.72546886583
2022-07-18 08:00:00.004,169335.6573414127
2022-07-18 16:00:00.019,169352.59090714683
2022-07-19 00:00:00.000,169369.52616623754
2022-07-19 08:00:00.000,169386.46311885418
2022-07-19 16:00:00.001,169403.40176516605
2022-07-20 00:00:00.004,169420.34210534257
2022-07-20 08:00:00.000,169437.2841395531
2022-07-20 16:00:00.003,169451.0390582796
2022-07-21 00:00:00.000,169467.9841621854
2022-07-21 08:00:00.018,169484.93096060163
2022-07-21 16:00:00.011,169501.87945369768
2022-07-22 00:00:00.014,169518.82964164304
2022-07-22 08:00:00.000,169535.78152460718
2022-07-22 16:00:00.000,169544.54991522766
2022-07-23 00:00:00.004,169559.8818288765
2022-07-23 08:00:00.002,169561.61303526995
2022-07-23 16:00:00.001,169578.5691965735
2022-07-24 00:00:00.000,169584.9623086322
2022-07-24 08:00:00.011,169601.92080486307
2022-07-24 16:00:00.000,169615.98589215544
2022-07-25 00:00:00.000,169632.94749074464
2022-07-25 08:00:00.014,169635.0475466346
2022-07-25 16:00:00.006,169638.9813833872
2022-07-26 00:00:00.010,169655.94528152555
2022-07-26 08:00:00.000,169662.14450976613
2022-07-26 16:00:00.000,169676.83555485925
2022-07-27 00:00:00.008,169684.62541837958
2022-07-27 08:00:00.000,169693.25388158212
2022-07-27 16:00:00.003,169698.26152950418
2022-07-28 00:00:00.009,169713.92298206073
2022-07-28 08:00:00.008,169730.89437435896
2022-07-28 16:00:00.013,169747.8674637964
2022-07-29 00:00:00.000,169764.84225054277
2022-07-29 08:00:00.000,169781.81873476782
2022-07-29 16:00:00.000,169798.7969166413
2022-07-30 00:00:00.005,169815.77679633297
2022-07-30 08:00:00.009,169832.75837401263
2022-07-30 16:00:00.000,169849.74164985
2022-07-31 00:00:00.022,169866.726624015
2022-07-31 08:00:00.011,169883.71329667736
2022-07-31 16:00:00.019,169894.38369270953
2022-08-01 00:00:00.010,169911.3731310788
2022-08-01 08:00:00.019,169928.36426839192
2022-08-01 16:00:00.017,169939.32294860357
2022-08-02 00:00:00.000,169956.31688089843
2022-08-02 08:00:00.007,169972.85872922046
2022-08-02 16:00:00.014,169982.86163195668
2022-08-03 00:00:00.001,169983.41917574283
2022-08-03 08:00:00.020,169976.68783234348
2022-08-03 16:00:00.008,169984.13621080428
2022-08-04 00:00:00.001,169983.8115411041
2022-08-04 08:00:00.009,169986.83385327333
2022-08-04 16:00:00.015,169989.2748642075
2022-08-05 00:00:00.005,169992.1510827382
2022-08-05 08:00:00.000,170003.6663510525
2022-08-05 16:00:00.000,170007.26192859584
2022-08-06 00:00:00.021,170018.97202879746
2022-08-06 08:00:00.000,170033.57495830502
2022-08-06 16:00:00.015,170050.57831580087
2022-08-07 00:00:00.013,170067.58337363243
2022-08-07 08:00:00.000,170066.329975543
2022-08-07 16:00:00.014,170070.41326812567
2022-08-08 00:00:00.009,170087.4203094525
2022-08-08 08:00:00.006,170092.16574847914
2022-08-08 16:00:00.000,170109.17496505397
2022-08-09 00:00:00.020,170126.1858825505
2022-08-09 08:00:00.000,170139.6598764724
2022-08-09 16:00:00.000,170156.67384246006
2022-08-10 00:00:00.000,170154.43798376576
2022-08-10 08:00:00.016,170155.42658105044
2022-08-10 16:00:00.018,170171.4892533197
2022-08-11 00:00:00.012,170183.7518108353
2022-08-11 08:00:00.000,170200.7701860164
2022-08-11 16:00:00.000,170209.12874584022
2022-08-12 00:00:00.006,170224.48841761827
2022-08-12 08:00:00.000,170226.8919873947
2022-08-12 16:00:00.005,170221.13150936985
2022-08-13 00:00:00.012,170215.07333929942
2022-08-13 08:00:00.006,170229.46502375024
2022-08-13 16:00:00.018,170233.13176642687
2022-08-14 00:00:00.000,170237.210552264
2022-08-14 08:00:00.000,170236.64366235287
2022-08-14 16:00:00.000,170238.75289436785
2022-08-15 00:00:00.010,170232.34170293383
2022-08-15 08:00:00.002,170234.175105254
2022-08-15 16:00:00.010,170231.89566964933
2022-08-16 00:00:00.010,170237.4162900259
2022-08-16 08:00:00.002,170237.68186039533
2022-08-16 16:00:00.000,170242.56768186472
2022-08-17 00:00:00.020,170243.36101223013
2022-08-17 08:00:00.016,170243.807049836
2022-08-17 16:00:00.001,170259.74867992816
2022-08-18 00:00:00.005,170274.0351754399
2022-08-18 08:00:00.012,170291.06257895744
2022-08-18 16:00:00.013,170303.274151055
2022-08-19 00:00:00.000,170320.30447847012
2022-08-19 08:00:00.000,170323.8948304885
2022-08-19 16:00:00.009,170312.40478054323
2022-08-20 00:00:00.000,170314.2271232744
2022-08-20 08:00:00.005,170302.77860092718
2022-08-20 16:00:00.000,170295.00087302848
2022-08-21 00:00:00.010,170291.6681998614
2022-08-21 08:00:00.013,170285.5564318897
2022-08-21 16:00:00.000,170280.0493969947
2022-08-22 00:00:00.011,170266.2703353975
2022-08-22 08:00:00.005,170260.79627480623
2022-08-22 16:00:00.005,170267.64246142446
2022-08-23 00:00:00.000,170261.94700878413
2022-08-23 08:00:00.021,170255.0837497002
2022-08-23 16:00:00.005,170256.52410770874
2022-08-24 00:00:00.017,170260.79584389858
2022-08-24 08:00:00.021,170253.3843914555
2022-08-24 16:00:00.000,170247.3608267157
2022-08-25 00:00:00.003,170247.57874333757
2022-08-25 08:00:00.000,170250.21247338073
2022-08-25 16:00:00.004,170257.84138540164
2022-08-26 00:00:00.001,170254.93508404918
2022-08-26 08:00:00.004,170260.39515981736
2022-08-26 16:00:00.000,170264.82022748754
2022-08-27 00:00:00.010,170260.03919133556
2022-08-27 08:00:00.007,170249.32983487044
2022-08-27 16:00:00.008,170241.84567433092
2022-08-28 00:00:00.019,170239.4690981653
2022-08-28 08:00:00.000,170224.5595254617
2022-08-28 16:00:00.000,170220.40093947249
2022-08-29 00:00:00.000,170197.2118142525
2022-08-29 08:00:00.000,170180.09678263246
2022-08-29 16:00:00.001,170169.55752923872
2022-08-30 00:00:00.001,170171.46853336977
2022-08-30 08:00:00.005,170165.7575788858
2022-08-30 16:00:00.010,170155.7126942159
2022-08-31 00:00:00.000,170152.15814137773
2022-08-31 08:00:00.005,170161.99123459673
2022-08-31 16:00:00.013,170170.41425316286
2022-09-01 00:00:00.012,170186.3932550612
2022-09-01 08:00:00.000,170190.24967873236
2022-09-01 16:00:00.013,170196.42758479575
2022-09-02 00:00:00.002,170200.67909155684
2022-09-02 08:00:00.013,170209.02743486626
2022-09-02 16:00:00.000,170216.5898219552
2022-09-03 00:00:00.000,170216.25109094146
2022-09-03 08:00:00.002,170232.32290936945
2022-09-03 16:00:00.007,170234.22099976987
2022-09-04 00:00:00.008,170235.22197698936
2022-09-04 08:00:00.009,170244.52192716597
2022-09-04 16:00:00.000,170248.1294085856
2022-09-05 00:00:00.015,170262.2463834762
2022-09-05 08:00:00.013,170260.99155072036
2022-09-05 16:00:00.007,170269.01424864223
2022-09-06 00:00:00.018,170268.59708955733
2022-09-06 08:00:00.020,170269.18111084535
2022-09-06 16:00:00.028,170275.09455950535
2022-09-07 00:00:00.013,170260.4491986223
2022-09-07 08:00:00.022,170265.09560628093
2022-09-07 16:00:00.021,170259.17038095382
2022-09-08 00:00:00.010,170260.22598781018
2022-09-08 08:00:00.000,170265.89054552882
2022-09-08 16:00:00.003,170275.539513546
2022-09-09 00:00:00.011,170277.77352862444
2022-09-09 08:00:00.000,170294.8013059773
2022-09-09 16:00:00.000,170311.8307861079
2022-09-10 00:00:00.003,170328.86196918652
2022-09-10 08:00:00.000,170345.49287926918
2022-09-10 16:00:00.012,170362.52742855708
2022-09-11 00:00:00.009,170374.6487223836
2022-09-11 08:00:00.012,170391.68618725584
2022-09-11 16:00:00.005,170403.1228772327
2022-09-12 00:00:00.007,170420.16318952045
2022-09-12 08:00:00.013,170434.21603617707
2022-09-12 16:00:00.000,170451.2594577807
2022-09-13 00:00:00.004,170468.24492578564
2022-09-13 08:00:00.000,170485.2917502782
2022-09-13 16:00:00.000,170502.34027945323
2022-09-14 00:00:00.000,170495.60032194198
2022-09-14 08:00:00.000,170496.83982495632
2022-09-14 16:00:00.000,170498.55161322816
2022-09-15 00:00:00.019,170499.1040285354
2022-09-15 08:00:00.012,170516.15393893825
2022-09-15 16:00:00.007,170517.5402352698
2022-09-16 00:00:00.000,170531.27542313575
2022-09-16 08:00:00.000,170538.6918283039
2022-09-16 16:00:00.000,170543.66985271836
2022-09-17 00:00:00.000,170548.8270932947
2022-09-17 08:00:00.012,170556.22209043748
2022-09-17 16:00:00.017,170558.72415021557
2022-09-18 00:00:00.000,170569.6876650039
2022-09-18 08:00:00.004,170583.0262145793
2022-09-18 16:00:00.000,170589.1057936336
2022-09-19 00:00:00.018,170595.21458951203
2022-09-19 08:00:00.006,170579.36800002883
2022-09-19 16:00:00.010,170580.3914762368
2022-09-20 00:00:00.007,170593.71892222282
2022-09-20 08:00:00.001,170603.70718446575
2022-09-20 16:00:00.000,170606.6432742664
2022-09-21 00:00:00.001,170615.48922872014
2022-09-21 08:00:00.005,170618.01092565097
2022-09-21 16:00:00.000,170622.67220970945
2022-09-22 00:00:00.000,170602.57456514987
2022-09-22 08:00:00.000,170590.78422122166
2022-09-22 16:00:00.011,170603.9930656439
2022-09-23 00:00:00.023,170616.3806215804
2022-09-23 08:00:00.004,170621.429160283
2022-09-23 16:00:00.005,170612.88443911067
2022-09-24 00:00:00.000,170617.91240081508
2022-09-24 08:00:00.005,170620.77195702694
2022-09-24 16:00:00.000,170629.89163728803
2022-09-25 00:00:00.010,170631.59622990547
2022-09-25 08:00:00.000,170637.82940211575
2022-09-25 16:00:00.003,170642.25404103217
2022-09-26 00:00:00.001,170641.1278021555
2022-09-26 08:00:00.006,170647.43469823909
2022-09-26 16:00:00.000,170655.10871337747
2022-09-27 00:00:00.026,170658.93821401702
2022-09-27 08:00:00.004,170676.0041078384
2022-09-27 16:00:00.006,170690.57642506913
2022-09-28 00:00:00.011,170692.52400454614
2022-09-28 08:00:00.000,170690.69588761404
2022-09-28 16:00:00.000,170699.79711551877
2022-09-29 00:00:00.010,170709.49457099292
2022-09-29 08:00:00.000,170722.53848347306
2022-09-29 16:00:00.000,170733.9512851707
2022-09-30 00:00:00.006,170751.02468029922
2022-09-30 08:00:00.002,170768.09978276724
2022-09-30 16:00:00.007,170785.1765927455
2022-10-01 00:00:00.008,170790.6383026929
2022-10-01 08:00:00.011,170807.71736652317
2022-10-01 16:00:00.000,170819.68244712468
2022-10-02 00:00:00.000,170826.96278199062
2022-10-02 08:00:00.000,170836.898078146
2022-10-02 16:00:00.006,170846.09593673857
2022-10-03 00:00:00.000,170852.9229467322
2022-10-03 08:00:00.014,170867.13107580444
2022-10-03 16:00:00.010,170884.21778891204
2022-10-04 00:00:00.006,170901.30621069093
2022-10-04 08:00:00.004,170918.396341312
2022-10-04 16:00:00.013,170935.48818094612
2022-10-05 00:00:00.000,170952.5817297642
2022-10-05 08:00:00.000,170969.6769879372
2022-10-05 16:00:00.012,170986.77395563596
2022-10-06 00:00:00.008,171003.87263303154
2022-10-06 08:00:00.002,171020.97302029486
2022-10-06 16:00:00.006,171038.0751175969
2022-10-07 00:00:00.000,171055.17892510863
2022-10-07 08:00:00.000,171072.28444300115
2022-10-07 16:00:00.007,171085.13710373134
2022-10-08 00:00:00.010,171091.72388150982
2022-10-08 08:00:00.004,171104.29056862893
2022-10-08 16:00:00.018,171111.38968564462
2022-10-09 00:00:00.000,171116.94396135383
2022-10-09 08:00:00.007,171119.98299827857
2022-10-09 16:00:00.011,171123.32154914687
2022-10-10 00:00:00.018,171134.00135564475
2022-10-10 08:00:00.000,171144.387478187
2022-10-10 16:00:00.026,171161.50191693482
2022-10-11 00:00:00.020,171178.61806712652
2022-10-11 08:00:00.027,171195.73592893322
2022-10-11 16:00:00.000,171212.85550252613
2022-10-12 00:00:00.014,171229.97678807637
2022-10-12 08:00:00.000,171247.09978575516
2022-10-12 16:00:00.000,171264.22449573374
2022-10-13 00:00:00.013,171277.01108273456
2022-10-13 08:00:00.016,171294.13878384282
2022-10-13 16:00:00.009,171300.88092114535
2022-10-14 00:00:00.020,171306.42250464315
2022-10-14 08:00:00.000,171323.5531468936
2022-10-14 16:00:00.009,171337.9357591803
2022-10-15 00:00:00.001,171345.33241786706
2022-10-15 08:00:00.005,171351.79556380585
2022-10-15 16:00:00.004,171359.61434623745
2022-10-16 00:00:00.012,171364.30103168983
2022-10-16 08:00:00.000,171365.09102111758
2022-10-16 16:00:00.010,171370.90715230684
2022-10-17 00:00:00.012,171371.47439000953
2022-10-17 08:00:00.010,171379.76876937
2022-10-17 16:00:00.017,171390.83647483718
2022-10-18 00:00:00.010,171407.97555848467
2022-10-18 08:00:00.008,171425.1163560405
2022-10-18 16:00:00.000,171442.2588676761
2022-10-19 00:00:00.007,171455.2850505049
2022-10-19 08:00:00.022,171472.43057900993
2022-10-19 16:00:00.016,171489.57782206783
2022-10-20 00:00:00.000,171506.72677985003
2022-10-20 08:00:00.013,171517.05319986946
2022-10-20 16:00:00.000,171520.64648213398
2022-10-21 00:00:00.005,171528.72167417035
2022-10-21 08:00:00.018,171536.411306763
2022-10-21 16:00:00.000,171534.88463270236
2022-10-22 00:00:00.000,171541.26744575953
2022-10-22 08:00:00.015,171555.60829571798
2022-10-22 16:00:00.000,171555.0610333275
2022-10-23 00:00:00.025,171562.1839994616
2022-10-23 08:00:00.000,171564.19299263626
2022-10-23 16:00:00.004,171573.0697239817
2022-10-24 00:00:00.009,171590.2270309541
2022-10-24 08:00:00.012,171607.3860536572
2022-10-24 16:00:00.002,171611.3810736045
2022-10-25 00:00:00.013,171618.80669806356
2022-10-25 08:00:00.013,171634.28499823966
2022-10-25 16:00:00.000,171634.00008532655
2022-10-26 00:00:00.006,171637.84983594847
2022-10-26 08:00:00.013,171647.5731201417
2022-10-26 16:00:00.000,171658.08138456813
2022-10-27 00:00:00.009,171658.10370011872
2022-10-27 08:00:00.006,171654.19676167853
2022-10-27 16:00:00.009,171656.558723426
2022-10-28 00:00:00.000,171654.45078088486
2022-10-28 08:00:00.000,171660.529064987
2022-10-28 16:00:00.007,171656.01610967788
2022-10-29 00:00:00.000,171660.28004511807
2022-10-29 08:00:00.003,171668.4424914342
2022-10-29 16:00:00.010,171675.66114944094
2022-10-30 00:00:00.000,171671.34350656305
2022-10-30 08:00:00.013,171676.85759011647
2022-10-30 16:00:00.009,171685.6731967537
2022-10-31 00:00:00.012,171688.2553492786
2022-10-31 08:00:00.000,171694.85161204913
2022-10-31 16:00:00.010,171694.1064563931
2022-11-01 00:00:00.000,171695.34608784172
2022-11-01 08:00:00.000,171693.4780424763
2022-11-01 16:00:00.000,171695.7134915604
2022-11-02 00:00:00.000,171703.93256536525
2022-11-02 08:00:00.000,171705.998163674
2022-11-02 16:00:00.019,171716.37950832298
2022-11-03 00:00:00.011,171720.98150729382
2022-11-03 08:00:00.016,171721.73707961245
2022-11-03 16:00:00.005,171733.65456816577
2022-11-04 00:00:00.000,171741.2606517266
2022-11-04 08:00:00.004,171743.23224139886
2022-11-04 16:00:00.020,171755.0808069912
2022-11-05 00:00:00.009,171762.653488504
2022-11-05 08:00:00.007,171770.4532305989
2022-11-05 16:00:00.018,171787.63027592198
2022-11-06 00:00:00.009,171798.78101100322
2022-11-06 08:00:00.000,171815.50046837123
2022-11-06 16:00:00.010,171827.29732063337
2022-11-07 00:00:00.012,171840.72218737303
2022-11-07 08:00:00.014,171857.90625959175
2022-11-07 16:00:00.006,171875.0920502177
2022-11-08 00:00:00.000,171886.2897124648
2022-11-08 08:00:00.001,171884.93524850186
2022-11-08 16:00:00.005,171901.1714994854
2022-11-09 00:00:00.000,171877.30474083443
2022-11-09 08:00:00.013,171889.86037794573
2022-11-09 16:00:00.004,171833.1779775875
2022-11-10 00:00:00.006,171628.40094272804
2022-11-10 08:00:00.000,171436.25779902062
2022-11-10 16:00:00.015,171395.39939569938
2022-11-11 00:00:00.000,171362.05956260895
2022-11-11 08:00:00.015,171349.58954553457
2022-11-11 16:00:00.027,171339.64784234914
2022-11-12 00:00:00.007,171348.7288436848
2022-11-12 08:00:00.016,171344.60619326882
2022-11-12 16:00:00.000,171355.7795750387
2022-11-13 00:00:00.004,171356.3501897847
2022-11-13 08:00:00.000,171343.74350310123
2022-11-13 16:00:00.017,171348.56854291828
2022-11-14 00:00:00.000,171342.04187594246
2022-11-14 08:00:00.000,171328.94277684105
2022-11-14 16:00:00.000,171327.0033332088
2022-11-15 00:00:00.014,171308.28585809466
2022-11-15 08:00:00.009,171278.0259624807
2022-11-15 16:00:00.010,171281.92253757134
2022-11-16 00:00:00.011,171259.28591868878
2022-11-16 08:00:00.004,171261.20573528393
2022-11-16 16:00:00.008,171249.87338130045
2022-11-17 00:00:00.000,171242.09521205147
2022-11-17 08:00:00.000,171233.29679319946
2022-11-17 16:00:00.006,171228.67178185307
2022-11-18 00:00:00.004,171223.81573672136
2022-11-18 08:00:00.016,171227.92168382273
2022-11-18 16:00:00.000,171229.55691047478
2022-11-19 00:00:00.000,171239.07042465673
2022-11-19 08:00:00.004,171252.59317404815
2022-11-19 16:00:00.024,171250.59123123394
2022-11-20 00:00:00.015,171249.25718912826
2022-11-20 08:00:00.004,171255.3399627436
2022-11-20 16:00:00.000,171253.66337296538
2022-11-21 00:00:00.006,171267.18898729858
2022-11-21 08:00:00.015,171265.10295293672
2022-11-21 16:00:00.000,171269.0454756067
2022-11-22 00:00:00.000,171256.22598755284
2022-11-22 08:00:00.000,171259.70762662715
2022-11-22 16:00:00.000,171273.20460418522
2022-11-23 00:00:00.000,171289.31456181026
2022-11-23 08:00:00.011,171306.44349326642
2022-11-23 16:00:00.014,171305.77539813682
2022-11-24 00:00:00.007,171315.06017116335
2022-11-24 08:00:00.014,171318.50703017402
2022-11-24 16:00:00.013,171329.25212693497
2022-11-25 00:00:00.004,171332.77808294373
2022-11-25 08:00:00.015,171333.5679270507
2022-11-25 16:00:00.000,171335.84495016848
2022-11-26 00:00:00.011,171342.45680042508
2022-11-26 08:00:00.000,171338.25034311065
2022-11-26 16:00:00.000,171344.2865896702
2022-11-27 00:00:00.012,171346.10797943667
2022-11-27 08:00:00.000,171340.85450776602
2022-11-27 16:00:00.003,171347.3380457006
2022-11-28 00:00:00.015,171351.2841748958
2022-11-28 08:00:00.004,171352.20261777897
2022-11-28 16:00:00.011,171352.23860174153
2022-11-29 00:00:00.000,171360.394968299
2022-11-29 08:00:00.015,171359.73523077834
2022-11-29 16:00:00.000,171366.88264533484
2022-11-30 00:00:00.007,171372.7159740201
2022-11-30 08:00:00.000,171379.63600429113
2022-11-30 16:00:00.015,171395.93592147148
2022-12-01 00:00:00.001,171397.69958565215
2022-12-01 08:00:00.006,171389.12798669585
2022-12-01 16:00:00.000,171406.2668994945
2022-12-02 00:00:00.001,171420.32735556827
2022-12-02 08:00:00.016,171425.16997981604
2022-12-02 16:00:00.017,171418.73639318673
2022-12-03 00:00:00.006,171424.39663986245
2022-12-03 08:00:00.000,171433.1787117023
2022-12-03 16:00:00.011,171450.32202957346
2022-12-04 00:00:00.006,171460.90737245558
2022-12-04 08:00:00.000,171471.94431106315
2022-12-04 16:00:00.006,171479.79944083205
2022-12-05 00:00:00.002,171479.89203992375
2022-12-05 08:00:00.011,171472.6590180775
2022-12-05 16:00:00.008,171480.55190457212
2022-12-06 00:00:00.014,171484.33476554713
2022-12-06 08:00:00.027,171491.39649045278
2022-12-06 16:00:00.009,171495.34936714187
2022-12-07 00:00:00.000,171508.87520534647
2022-12-07 08:00:00.000,171510.0037337453
2022-12-07 16:00:00.000,171507.4448044896
2022-12-08 00:00:00.006,171509.47373756164
2022-12-08 08:00:00.000,171513.16462143647
2022-12-08 16:00:00.014,171513.4510484214
2022-12-09 00:00:00.017,171515.47147687475
2022-12-09 08:00:00.005,171522.34410181682
2022-12-09 16:00:00.000,171527.8293863812
2022-12-10 00:00:00.009,171524.96658690873
2022-12-10 08:00:00.010,171523.7882103883
2022-12-10 16:00:00.001,171526.72298240458
2022-12-11 00:00:00.011,171528.31646566108
2022-12-11 08:00:00.007,171529.8139078638
2022-12-11 16:00:00.011,171531.00089417605
2022-12-12 00:00:00.000,171535.12793005756
2022-12-12 08:00:00.004,171539.65302673235
2022-12-12 16:00:00.000,171536.7883145268
2022-12-13 00:00:00.000,171541.9395642799
2022-12-13 08:00:00.018,171545.3206559087
2022-12-13 16:00:00.011,171562.47518797428
2022-12-14 00:00:00.010,171579.63143549307
2022-12-14 08:00:00.015,171596.7893986366
2022-12-14 16:00:00.004,171613.9490775765
2022-12-15 00:00:00.000,171631.11047248423
2022-12-15 08:00:00.023,171648.27358353147
2022-12-15 16:00:00.010,171657.1649641031
2022-12-16 00:00:00.016,171665.47660403067
2022-12-16 08:00:00.011,171675.2718361257
2022-12-16 16:00:00.001,171671.8606484743
2022-12-17 00:00:00.001,171675.31640302917
2022-12-17 08:00:00.011,171688.72424524024
2022-12-17 16:00:00.011,171705.39006970273
2022-12-18 00:00:00.008,171716.1628658757
2022-12-18 08:00:00.001,171727.8876454762
2022-12-18 16:00:00.012,171726.77656604315
2022-12-19 00:00:00.000,171737.8838539514
2022-12-19 08:00:00.000,171743.88265823445
2022-12-19 16:00:00.000,171751.60426319877
2022-12-20 00:00:00.005,171761.241245714
2022-12-20 08:00:00.016,171761.22063436502
2022-12-20 16:00:00.000,171767.06223347882
2022-12-21 00:00:00.007,171773.55159309
2022-12-21 08:00:00.012,171786.85030145434
2022-12-21 16:00:00.017,171799.87518044419
2022-12-22 00:00:00.004,171804.88830080195
2022-12-22 08:00:00.000,171818.9196060295
2022-12-22 16:00:00.001,171831.28713186274
2022-12-23 00:00:00.018,171848.47026057594
2022-12-23 08:00:00.000,171865.65510760198
2022-12-23 16:00:00.000,171880.95630687624
2022-12-24 00:00:00.001,171898.14440250694
2022-12-24 08:00:00.007,171906.30612640316
2022-12-24 16:00:00.008,171917.00213677034
2022-12-25 00:00:00.000,171917.8978243515
2022-12-25 08:00:00.013,171921.08690135615
2022-12-25 16:00:00.000,171926.34768661534
2022-12-26 00:00:00.001,171932.05392209504
2022-12-26 08:00:00.000,171923.34728288444
2022-12-26 16:00:00.005,171928.28320218495
2022-12-27 00:00:00.005,171943.1635950961
2022-12-27 08:00:00.010,171945.05840875892
2022-12-27 16:00:00.006,171948.41305684848
2022-12-28 00:00:00.010,171955.72430337168
2022-12-28 08:00:00.010,171972.51406029263
2022-12-28 16:00:00.010,171976.14440006446
2022-12-29 00:00:00.011,171993.3162180828
2022-12-29 08:00:00.000,172007.99068782254
2022-12-29 16:00:00.008,172025.1914868913
2022-12-30 00:00:00.000,172042.39400604
2022-12-30 08:00:00.000,172054.6640695805
2022-12-30 16:00:00.000,172071.86953598744
2022-12-31 00:00:00.014,172089.07672294104
2022-12-31 08:00:00.000,172106.28563061333
2022-12-31 16:00:00.000,172123.4962591764
2023-01-01 00:00:00.000,172140.70860880232
2023-01-01 08:00:00.008,172157.9226796632
2023-01-01 16:00:00.000,172159.1122909089
2023-01-02 00:00:00.000,172156.55056331801
2023-01-02 08:00:00.008,172149.05142397544
2023-01-02 16:00:00.015,172153.6478036485
2023-01-03 00:00:00.003,172170.86316842886
2023-01-03 08:00:00.018,172186.31894681547
2023-01-03 16:00:00.000,172192.03897633086
2023-01-04 00:00:00.000,172203.21251774006
2023-01-04 08:00:00.016,172209.04676258014
2023-01-04 16:00:00.011,172217.53839067603
2023-01-05 00:00:00.009,172226.86741473066
2023-01-05 08:00:00.011,172234.50739856917
2023-01-05 16:00:00.000,172247.01851318657
2023-01-06 00:00:00.005,172256.6419541109
2023-01-06 08:00:00.001,172267.9953893821
2023-01-06 16:00:00.000,172282.9103524229
2023-01-07 00:00:00.006,172287.23120781453
2023-01-07 08:00:00.017,172288.38725513595
2023-01-07 16:00:00.000,172305.61609386146
2023-01-08 00:00:00.015,172315.36342256388
2023-01-08 08:00:00.000,172332.59495890615
2023-01-08 16:00:00.010,172345.4371838825
2023-01-09 00:00:00.003,172355.42632542163
2023-01-09 08:00:00.000,172354.27843828232
2023-01-09 16:00:00.006,172355.83824450217
2023-01-10 00:00:00.003,172360.00408511257
2023-01-10 08:00:00.021,172376.6971515082
2023-01-10 16:00:00.000,172382.09081836208
2023-01-11 00:00:00.011,172386.85028788957
2023-01-11 08:00:00.006,172391.12031017122
2023-01-11 16:00:00.004,172390.75656490735
2023-01-12 00:00:00.000,172403.7703431204
2023-01-12 08:00:00.000,172421.0107201547
2023-01-12 16:00:00.000,172438.25282122672
2023-01-13 00:00:00.004,172455.49664650887
2023-01-13 08:00:00.000,172472.7421961735
2023-01-13 16:00:00.018,172485.09124451477
2023-01-14 00:00:00.000,172500.17679059503
2023-01-14 08:00:00.001,172579.26294664823
2023-01-14 16:00:00.000,172596.52087294287
2023-01-15 00:00:00.010,172620.18730788497
2023-01-15 08:00:00.002,172641.65090197482
2023-01-15 16:00:00.000,172675.99277917226
2023-01-16 00:00:00.010,172693.26037845018
2023-01-16 08:00:00.007,172710.52970448803
2023-01-16 16:00:00.000,172727.8007574585
2023-01-17 00:00:00.004,172745.07353753422
2023-01-17 08:00:00.005,172762.348044888
2023-01-17 16:00:00.001,172779.62427969248
2023-01-18 00:00:00.008,172796.90224212044
2023-01-18 08:00:00.009,172814.18193234465
2023-01-18 16:00:00.017,172831.4633505379
2023-01-19 00:00:00.000,172848.74649687295
2023-01-19 08:00:00.015,172866.03137152264
2023-01-19 16:00:00.012,172883.3179746598
2023-01-20 00:00:00.000,172900.60630645725
2023-01-20 08:00:00.000,172917.8963670879
2023-01-20 16:00:00.000,172935.1881567246
2023-01-21 00:00:00.013,172952.48167554027
2023-01-21 08:00:00.001,172969.77692370783
2023-01-21 16:00:00.016,172987.0739014002
2023-01-22 00:00:00.000,173004.37260879035
2023-01-22 08:00:00.000,173021.6730460512
2023-01-22 16:00:00.023,173038.9752133558
2023-01-23 00:00:00.014,173056.27911087713
2023-01-23 08:00:00.014,173073.58473878822
2023-01-23 16:00:00.016,173090.89209726208
2023-01-24 00:00:00.008,173108.20118647182
2023-01-24 08:00:00.008,173125.51200659046
2023-01-24 16:00:00.000,173142.82455779111
2023-01-25 00:00:00.012,173160.1388402469
2023-01-25 08:00:00.000,173177.4548541309
2023-01-25 16:00:00.010,173194.77259961632
2023-01-26 00:00:00.010,173212.09207687626
2023-01-26 08:00:00.003,173229.41328608393
2023-01-26 16:00:00.020,173246.73622741256
2023-01-27 00:00:00.008,173264.0609010353
2023-01-27 08:00:00.000,173280.59202508585
2023-01-27 16:00:00.000,173297.92008428837
2023-01-28 00:00:00.009,173315.24987629682
2023-01-28 08:00:00.018,173332.58140128443
2023-01-28 16:00:00.005,173349.91465942454
2023-01-29 00:00:00.011,173367.2496508905
2023-01-29 08:00:00.000,173384.58637585558
2023-01-29 16:00:00.008,173401.92483449317
2023-01-30 00:00:00.001,173419.26502697662
2023-01-30 08:00:00.000,173436.60695347932
2023-01-30 16:00:00.000,173453.95061417465
2023-01-31 00:00:00.005,173471.29600923607
2023-01-31 08:00:00.000,173488.643138837
2023-01-31 16:00:00.007,173505.9920031509
2023-02-01 00:00:00.013,173523.34260235121
2023-02-01 08:00:00.000,173540.69493661143
2023-02-01 16:00:00.012,173558.0490061051
2023-02-02 00:00:00.004,173575.40481100572
2023-02-02 08:00:00.023,173592.7623514868
2023-02-02 16:00:00.003,173610.12162772194
2023-02-03 00:00:00.010,173627.4826398847
2023-02-03 08:00:00.000,173644.84538814868
2023-02-03 16:00:00.000,173662.2098726875
2023-02-04 00:00:00.010,173679.57609367478
2023-02-04 08:00:00.000,173696.94405128414
2023-02-04 16:00:00.000,173714.31374568926
2023-02-05 00:00:00.016,173731.68517706383
2023-02-05 08:00:00.009,173749.05834558155
2023-02-05 16:00:00.018,173766.4332514161
2023-02-06 00:00:00.001,173783.80989474122
2023-02-06 08:00:00.000,173801.1882757307
2023-02-06 16:00:00.012,173818.56839455827
2023-02-07 00:00:00.004,173835.95025139773
2023-02-07 08:00:00.011,173853.33384642287
2023-02-07 16:00:00.018,173870.71917980752
2023-02-08 00:00:00.009,173888.1062517255
2023-02-08 08:00:00.010,173905.49506235067
2023-02-08 16:00:00.000,173922.88561185688
2023-02-09 00:00:00.014,173940.2779004181
2023-02-09 08:00:00.006,173957.67192820812
2023-02-09 16:00:00.001,173975.06769540094
2023-02-10 00:00:00.012,173992.46520217048
2023-02-10 08:00:00.005,174009.8644486907
2023-02-10 16:00:00.020,174027.26543513557
2023-02-11 00:00:00.007,174040.63769021162
2023-02-11 08:00:00.002,174050.3352345437
2023-02-11 16:00:00.021,174059.4572126133
2023-02-12 00:00:00.004,174068.75720941217
2023-02-12 08:00:00.000,174086.16408513312
2023-02-12 16:00:00.002,174090.11584105782
2023-02-13 00:00:00.006,174093.72647006038
2023-02-13 08:00:00.008,174104.7344163851
2023-02-13 16:00:00.002,174122.14488982674
2023-02-14 00:00:00.013,174139.55710431573
2023-02-14 08:00:00.014,174156.97106002615
2023-02-14 16:00:00.016,174172.44839004424
2023-02-15 00:00:00.011,174176.58846914247
2023-02-15 08:00:00.000,174181.16931341923
2023-02-15 16:00:00.005,174196.96928728765
2023-02-16 00:00:00.019,174214.38898421638
2023-02-16 08:00:00.000,174231.8104231148
2023-02-16 16:00:00.001,174272.18167590795
2023-02-17 00:00:00.003,174289.60889407553
2023-02-17 08:00:00.016,174307.03785496496
2023-02-17 16:00:00.000,174324.46855875046
2023-02-18 00:00:00.011,174341.90100560634
2023-02-18 08:00:00.000,174359.3351957069
2023-02-18 16:00:00.007,174376.77112922646
2023-02-19 00:00:00.019,174394.2088063394
2023-02-19 08:00:00.005,174411.64822722005
2023-02-19 16:00:00.003,174429.08939204275
2023-02-20 00:00:00.006,174446.53230098195
2023-02-20 08:00:00.008,174463.97695421206
2023-02-20 16:00:00.006,174481.42335190746
2023-02-21 00:00:00.001,174498.87149424266
2023-02-21 08:00:00.004,174516.32138139207
2023-02-21 16:00:00.011,174533.7730135302
2023-02-22 00:00:00.009,174551.22639083155
2023-02-22 08:00:00.010,174568.68151347066
2023-02-22 16:00:00.000,174586.138381622
2023-02-23 00:00:00.006,174603.59699546016
2023-02-23 08:00:00.005,174609.71859757084
2023-02-23 16:00:00.002,174616.05867645313
2023-02-24 00:00:00.015,174624.75106385406
2023-02-24 08:00:00.011,174633.39324278425
2023-02-24 16:00:00.014,174642.89329937665
2023-02-25 00:00:00.015,174644.9593248044
2023-02-25 08:00:00.015,174646.02465905627
2023-02-25 16:00:00.015,174645.94082896446
2023-02-26 00:00:00.007,174658.81572772237
2023-02-26 08:00:00.012,174663.63631103642
2023-02-26 16:00:00.000,174675.13092494206
2023-02-27 00:00:00.011,174689.35646760458
2023-02-27 08:00:00.003,174691.44575230792
2023-02-27 16:00:00.000,174703.37019039495
2023-02-28 00:00:00.011,174709.33456345325
2023-02-28 08:00:00.018,174712.8025437443
2023-02-28 16:00:00.005,174723.19795549568
2023-03-01 00:00:00.016,174723.5211934119
2023-03-01 08:00:00.000,174740.99354553124
2023-03-01 16:00:00.008,174758.4676448858
2023-03-02 00:00:00.009,174773.51784411937
2023-03-02 08:00:00.013,174788.72838337734
2023-03-02 16:00:00.000,174803.40189712512
2023-03-03 00:00:00.000,174820.88223731486
2023-03-03 08:00:00.013,174813.5345156344
2023-03-03 16:00:00.000,174813.13943704643
2023-03-04 00:00:00.001,174814.0659466854
2023-03-04 08:00:00.008,174820.72985887932
2023-03-04 16:00:00.012,174824.40808703555
2023-03-05 00:00:00.000,174827.6842964431
2023-03-05 08:00:00.000,174828.63535904567
2023-03-05 16:00:00.015,174835.11450827206
2023-03-06 00:00:00.007,174842.20232381424
2023-03-06 08:00:00.017,174851.74870806112
2023-03-06 16:00:00.000,174861.21518173616
2023-03-07 00:00:00.009,174863.26630379024
2023-03-07 08:00:00.016,174870.916571691
2023-03-07 16:00:00.017,174875.517425506
2023-03-08 00:00:00.000,174880.61854434927
2023-03-08 08:00:00.014,174887.29198875293
2023-03-08 16:00:00.021,174904.7807179518
2023-03-09 00:00:00.010,174922.2711960236
2023-03-09 08:00:00.013,174939.7634231432
2023-03-09 16:00:00.002,174957.2573994855
2023-03-10 00:00:00.000,174941.69495143983
2023-03-10 08:00:00.000,174942.61514475528
2023-03-10 16:00:00.005,174939.73383988385
2023-03-11 00:00:00.011,174943.86941519182
2023-03-11 08:00:00.003,174939.85270395005
2023-03-11 16:00:00.011,174935.75736199826
2023-03-12 00:00:00.001,174936.41512044595
2023-03-12 08:00:00.000,174952.31334185207
2023-03-12 16:00:00.005,174945.19628174533
2023-03-13 00:00:00.010,174962.6908013735
2023-03-13 08:00:00.018,174973.2078087176
2023-03-13 16:00:00.003,174990.70512949847
2023-03-14 00:00:00.010,175017.02723136402
2023-03-14 08:00:00.009,175034.52893408717
2023-03-14 16:00:00.010,175086.7084775077
2023-03-15 00:00:00.011,175104.21714835544
2023-03-15 08:00:00.000,175146.46454282684
2023-03-15 16:00:00.012,175185.21744957162
2023-03-16 00:00:00.004,175202.73597131658
2023-03-16 08:00:00.018,175220.2562449137
2023-03-16 16:00:00.005,175237.7782705382
2023-03-17 00:00:00.017,175243.58039337673
2023-03-17 08:00:00.010,175261.10475141607
2023-03-17 16:00:00.003,175278.63086189123
2023-03-18 00:00:00.012,175296.1587249774
2023-03-18 08:00:00.000,175313.6883408499
2023-03-18 16:00:00.016,175331.219709684
2023-03-19 00:00:00.013,175348.75283165497
2023-03-19 08:00:00.024,175366.2877069381
2023-03-19 16:00:00.000,175383.8243357088
2023-03-20 00:00:00.005,175401.36271814237
2023-03-20 08:00:00.012,175417.29091589083
2023-03-20 16:00:00.015,175434.8326449824
2023-03-21 00:00:00.006,175449.07444469654
2023-03-21 08:00:00.004,175451.27457609007
2023-03-21 16:00:00.003,175451.78689381183
2023-03-22 00:00:00.000,175452.2571046007
2023-03-22 08:00:00.003,175452.26763173612
2023-03-22 16:00:00.000,175461.6262556916
2023-03-23 00:00:00.016,175462.06140052472
2023-03-23 08:00:00.001,175460.14886405546
2023-03-23 16:00:00.013,175477.69487894184
2023-03-24 00:00:00.013,175495.24264842976
2023-03-24 08:00:00.012,175512.7921726946
2023-03-24 16:00:00.027,175530.34345191187
2023-03-25 00:00:00.015,175529.7993078472
2023-03-25 08:00:00.011,175530.54530949422
2023-03-25 16:00:00.011,175531.05785868654
2023-03-26 00:00:00.000,175531.16493263186
2023-03-26 08:00:00.015,175525.3267660862
2023-03-26 16:00:00.000,175531.70535646088
2023-03-27 00:00:00.019,175536.80455250147
2023-03-27 08:00:00.009,175541.03323412314
2023-03-27 16:00:00.000,175540.3380916315
2023-03-28 00:00:00.007,175537.83137560356
2023-03-28 08:00:00.000,175539.8026654499
2023-03-28 16:00:00.013,175553.02256798864
2023-03-29 00:00:00.010,175563.68741410965
2023-03-29 08:00:00.006,175576.14892464233
2023-03-29 16:00:00.014,175593.7065395348
2023-03-30 00:00:00.000,175605.9752718107
2023-03-30 08:00:00.000,175615.8759366965
2023-03-30 16:00:00.006,175617.84810298326
2023-03-31 00:00:00.003,175613.0853469427
2023-03-31 08:00:00.006,175624.25082690906
2023-03-31 16:00:00.011,175641.81325199176
2023-04-01 00:00:00.000,175659.37743331696
2023-04-01 08:00:00.000,175676.94337106028
2023-04-01 16:00:00.018,175692.4732128543
2023-04-02 00:00:00.013,175700.42681111663
2023-04-02 08:00:00.014,175712.53784153674
2023-04-02 16:00:00.001,175720.46950549493
2023-04-03 00:00:00.000,175723.56042855352
2023-04-03 08:00:00.013,175721.38145640423
2023-04-03 16:00:00.011,175731.37648858145
2023-04-04 00:00:00.002,175720.81679016826
2023-04-04 08:00:00.017,175718.43225868442
2023-04-04 16:00:00.008,175716.1900914888
2023-04-05 00:00:00.000,175721.0398583353
2023-04-05 08:00:00.016,175736.00601930005
2023-04-05 16:00:00.004,175745.25852001694
2023-04-06 00:00:00.000,175747.7927666448
2023-04-06 08:00:00.011,175754.11617222856
2023-04-06 16:00:00.000,175748.8874872724
2023-04-07 00:00:00.006,175750.6520061028
2023-04-07 08:00:00.005,175748.06319899877
2023-04-07 16:00:00.000,175749.9173410655
2023-04-08 00:00:00.000,175750.38835084398
2023-04-08 08:00:00.014,175751.2073476537
2023-04-08 16:00:00.018,175756.81732619225
2023-04-09 00:00:00.013,175758.48701595687
2023-04-09 08:00:00.024,175756.89815923423
2023-04-09 16:00:00.010,175755.39895289295
2023-04-10 00:00:00.000,175772.97449278823
2023-04-10 08:00:00.010,175790.5517902375
2023-04-10 16:00:00.006,175801.39279356643
2023-04-11 00:00:00.008,175818.97293284576
2023-04-11 08:00:00.007,175836.55483013904
2023-04-11 16:00:00.016,175854.13848562207
2023-04-12 00:00:00.006,175870.98882917175
2023-04-12 08:00:00.008,175885.4014567063
2023-04-12 16:00:00.014,175888.47417466974
2023-04-13 00:00:00.027,175900.1971414735
2023-04-13 08:00:00.010,175907.98424320095
2023-04-13 16:00:00.000,175925.57504162527
2023-04-14 00:00:00.001,175925.37624572546
2023-04-14 08:00:00.008,175942.96878335002
2023-04-14 16:00:00.007,175948.9860328824
2023-04-15 00:00:00.007,175940.2325708273
2023-04-15 08:00:00.007,175955.10831749116
2023-04-15 16:00:00.011,175972.7038283229
2023-04-16 00:00:00.014,175985.27531828437
2023-04-16 08:00:00.007,176002.8738458162
2023-04-16 16:00:00.002,176020.4741332008
2023-04-17 00:00:00.017,176038.07618061412
2023-04-17 08:00:00.006,176051.0607491132
2023-04-17 16:00:00.000,176068.66585518813
2023-04-18 00:00:00.013,176076.91115081013
2023-04-18 08:00:00.017,176076.01315856326
2023-04-18 16:00:00.000,176087.93702617436
2023-04-19 00:00:00.022,176105.54581987698
2023-04-19 08:00:00.014,176116.51895643698
2023-04-19 16:00:00.000,176116.37630205663
2023-04-20 00:00:00.010,176131.48532597956
2023-04-20 08:00:00.012,176137.94582886132
2023-04-20 16:00:00.012,176148.3344449063
2023-04-21 00:00:00.009,176159.42650552632
2023-04-21 08:00:00.009,176177.04244817686
2023-04-21 16:00:00.003,176194.66015242168
2023-04-22 00:00:00.000,176212.27961843694
2023-04-22 08:00:00.000,176224.36425657314
2023-04-22 16:00:00.016,176228.04734578612
2023-04-23 00:00:00.009,176234.6876186101
2023-04-23 08:00:00.020,176237.11260791175
2023-04-23 16:00:00.007,176241.2876651094
2023-04-24 00:00:00.000,176249.5339949593
2023-04-24 08:00:00.008,176256.04465274504
2023-04-24 16:00:00.006,176260.68018671943
2023-04-25 00:00:00.014,176269.6095527777
2023-04-25 08:00:00.009,176281.25392318476
2023-04-25 16:00:00.015,176296.31010508235
2023-04-26 00:00:00.015,176303.97194271954
2023-04-26 08:00:00.013,176306.94442768648
2023-04-26 16:00:00.001,176324.57512212926
2023-04-27 00:00:00.014,176329.01497493082
2023-04-27 08:00:00.008,176339.1873958047
2023-04-27 16:00:00.005,176344.9448702732
2023-04-28 00:00:00.011,176362.57936476023
2023-04-28 08:00:00.007,176380.2156226967
2023-04-28 16:00:00.006,176388.11040114798
2023-04-29 00:00:00.004,176388.1756647488
2023-04-29 08:00:00.016,176400.08363048793
2023-04-29 16:00:00.001,176413.88870103285
2023-04-30 00:00:00.008,176419.41398402696
2023-04-30 08:00:00.000,176425.59042771053
2023-04-30 16:00:00.010,176436.31357509675
2023-05-01 00:00:00.004,176440.6097993323
2023-05-01 08:00:00.008,176429.37053248807
2023-05-01 16:00:00.014,176430.3691227253
2023-05-02 00:00:00.015,176432.0769686984
2023-05-02 08:00:00.018,176442.90107662042
2023-05-02 16:00:00.000,176445.0254491494
2023-05-03 00:00:00.009,176460.14325892986
2023-05-03 08:00:00.003,176469.73386771602
2023-05-03 16:00:00.011,176479.79440724378
2023-05-04 00:00:00.000,176497.44238668453
2023-05-04 08:00:00.000,176515.0780111278
2023-05-04 16:00:00.011,176522.6928715932
2023-05-05 00:00:00.002,176529.27893326426
2023-05-05 08:00:00.000,176546.77121951376
2023-05-05 16:00:00.000,176561.8624375176
2023-05-06 00:00:00.009,176579.51862376134
2023-05-06 08:00:00.000,176597.17657562371
2023-05-06 16:00:00.000,176614.8362932813
2023-05-07 00:00:00.000,176622.4678203575
2023-05-07 08:00:00.000,176629.6157316302
2023-05-07 16:00:00.006,176640.29475819736
2023-05-08 00:00:00.000,176641.56656831963
2023-05-08 08:00:00.007,176642.28549949554
2023-05-08 16:00:00.015,176649.17808147572
2023-05-09 00:00:00.015,176658.2048544757
2023-05-09 08:00:00.000,176670.2900422698
2023-05-09 16:00:00.000,176670.95785596615
2023-05-10 00:00:00.007,176677.5865503049
2023-05-10 08:00:00.003,176686.04057282134
2023-05-10 16:00:00.000,176692.74050747984
2023-05-11 00:00:00.011,176695.56052361836
2023-05-11 08:00:00.000,176707.79845814026
2023-05-11 16:00:00.005,176716.99963320594
2023-05-12 00:00:00.020,176723.41976180262
2023-05-12 08:00:00.001,176730.42507816196
2023-05-12 16:00:00.010,176735.30637250264
2023-05-13 00:00:00.000,176735.288698972
2023-05-13 08:00:00.000,176744.80589426844
2023-05-13 16:00:00.026,176752.74880584533
2023-05-14 00:00:00.029,176755.78011548735
2023-05-14 08:00:00.010,176761.15172364507
2023-05-14 16:00:00.008,176767.40376558152
2023-05-15 00:00:00.006,176775.19390506548
2023-05-15 08:00:00.005,176772.40792800952
2023-05-15 16:00:00.008,176772.07206043447
2023-05-16 00:00:00.021,176787.38052187487
2023-05-16 08:00:00.000,176792.97584246838
2023-05-16 16:00:00.000,176803.22983506724
2023-05-17 00:00:00.010,176818.06716211498
2023-05-17 08:00:00.000,176830.49570405582
2023-05-17 16:00:00.001,176838.38411246918
2023-05-18 00:00:00.000,176856.06795088042
2023-05-18 08:00:00.026,176873.75355767552
2023-05-18 16:00:00.019,176888.5083661973
2023-05-19 00:00:00.000,176893.3126580845
2023-05-19 08:00:00.002,176901.22686489284
2023-05-19 16:00:00.000,176907.97564669774
2023-05-20 00:00:00.005,176917.37476744383
2023-05-20 08:00:00.014,176921.71808899438
2023-05-20 16:00:00.020,176920.21602360782
2023-05-21 00:00:00.014,176928.6657331251
2023-05-21 08:00:00.001,176941.51429283066
2023-05-21 16:00:00.015,176950.48699702043
2023-05-22 00:00:00.028,176955.82913222286
2023-05-22 08:00:00.000,176956.200739464
2023-05-22 16:00:00.012,176964.6415502393
2023-05-23 00:00:00.006,176982.3380143943
2023-05-23 08:00:00.014,177000.03624819577
2023-05-23 16:00:00.008,177017.73625182058
2023-05-24 00:00:00.000,177035.43802544576
2023-05-24 08:00:00.025,177039.09734794975
2023-05-24 16:00:00.008,177046.81979337608
2023-05-25 00:00:00.000,177057.12391828807
2023-05-25 08:00:00.025,177074.82963067992
2023-05-25 16:00:00.016,177092.53711364296
2023-05-26 00:00:00.000,177110.24636735432
2023-05-26 08:00:00.024,177127.2188422637
2023-05-26 16:00:00.012,177135.99195341297
2023-05-27 00:00:00.012,177148.65009139798
2023-05-27 08:00:00.018,177163.8211017918
2023-05-27 16:00:00.008,177176.86390230132
2023-05-28 00:00:00.017,177194.36897645486
2023-05-28 08:00:00.015,177212.0884133525
2023-05-28 16:00:00.000,177229.80962219383
2023-05-29 00:00:00.000,177247.53260315605
2023-05-29 08:00:00.020,177265.25735641638
2023-05-29 16:00:00.011,177282.983882152
2023-05-30 00:00:00.003,177293.9523803648
2023-05-30 08:00:00.000,177309.97266190188
2023-05-30 16:00:00.003,177316.81859994636
2023-05-31 00:00:00.013,177320.97490617435
2023-05-31 08:00:00.000,177326.05337889565
2023-05-31 16:00:00.000,177343.54659406148
2023-06-01 00:00:00.008,177347.26371479811
2023-06-01 08:00:00.012,177364.36176449287
2023-06-01 16:00:00.000,177382.0982006693
2023-06-02 00:00:00.000,177390.5593267535
2023-06-02 08:00:00.006,177406.99633598072
2023-06-02 16:00:00.012,177424.6412358363
2023-06-03 00:00:00.000,177437.80614421598
2023-06-03 08:00:00.011,177455.54992483038
2023-06-03 16:00:00.003,177465.42710073918
2023-06-04 00:00:00.000,177474.03417395355
2023-06-04 08:00:00.000,177491.78157737094
2023-06-04 16:00:00.000,177509.53075552869
2023-06-05 00:00:00.005,177527.28170860425
2023-06-05 08:00:00.000,177544.2142607336
2023-06-05 16:00:00.000,177558.16213420592
2023-06-06 00:00:00.000,177545.45429654198
2023-06-06 08:00:00.009,177540.04448654957
2023-06-06 16:00:00.013,177547.65740365715
2023-06-07 00:00:00.000,177565.41216939755
2023-06-07 08:00:00.016,177583.16871061447
2023-06-07 16:00:00.000,177590.28091652133
2023-06-08 00:00:00.006,177600.05548558294
2023-06-08 08:00:00.000,177605.5433272975
2023-06-08 16:00:00.000,177612.66708564034
2023-06-09 00:00:00.000,177624.36820814793
2023-06-09 08:00:00.000,177638.4289531353
2023-06-09 16:00:00.000,177646.2521495464
2023-06-10 00:00:00.000,177661.71092640844
2023-06-10 08:00:00.000,177666.00500996158
2023-06-10 16:00:00.000,177672.85225779464
2023-06-11 00:00:00.001,177680.75869972014
2023-06-11 08:00:00.000,177686.43915357575
2023-06-11 16:00:00.000,177696.9670750956
2023-06-12 00:00:00.000,177712.3556324443
2023-06-12 08:00:00.000,177717.80251614444
2023-06-12 16:00:00.001,177724.24300930763
2023-06-13 00:00:00.000,177742.01543360855
2023-06-13 08:00:00.000,177752.99989016235
2023-06-13 16:00:00.000,177764.55916774517
2023-06-14 00:00:00.000,177768.89306769767
2023-06-14 08:00:00.000,177773.72127083337
2023-06-14 16:00:00.000,177780.2295667691
2023-06-15 00:00:00.000,177774.42504227374
2023-06-15 08:00:00.000,177785.4346124166
2023-06-15 16:00:00.000,177797.32312442912
2023-06-16 00:00:00.000,177804.38345613042
2023-06-16 08:00:00.000,177805.7721083652
2023-06-16 16:00:00.000,177806.1917299874
2023-06-17 00:00:00.000,177823.73764498733
2023-06-17 08:00:00.000,177841.52001875182
2023-06-17 16:00:00.000,177854.93460460685
2023-06-18 00:00:00.000,177861.5259084833
2023-06-18 08:00:00.000,177876.1692479113
2023-06-18 16:00:00.000,177888.09584505938
2023-06-19 00:00:00.000,177900.61916700687
2023-06-19 08:00:00.000,177911.999469615
2023-06-19 16:00:00.000,177918.56442239543
2023-06-20 00:00:00.001,177926.3038799478
2023-06-20 08:00:00.000,177925.50677010644
2023-06-20 16:00:00.000,177920.8860446956
2023-06-21 00:00:00.000,177932.0861644721
2023-06-21 08:00:00.000,177949.87937308854
2023-06-21 16:00:00.000,177954.41887451135
2023-06-22 00:00:00.000,177972.2143163988
2023-06-22 08:00:00.001,177990.01153783046
2023-06-22 16:00:00.000,178006.45069529608
2023-06-23 00:00:00.000,178024.25134036562
2023-06-23 08:00:00.000,178042.05376549964
2023-06-23 16:00:00.000,178059.85797087618
2023-06-24 00:00:00.000,178077.66395667326
2023-06-24 08:00:00.000,178095.4717230689
2023-06-24 16:00:00.000,178113.28127024122
2023-06-25 00:00:00.000,178131.09259836824
2023-06-25 08:00:00.000,178148.90570762806
2023-06-25 16:00:00.000,178166.72059819882
2023-06-26 00:00:00.000,178184.53727025865
2023-06-26 08:00:00.000,178202.35572398567
2023-06-26 16:00:00.000,178220.17595955805
2023-06-27 00:00:00.000,178237.997977154
2023-06-27 08:00:00.000,178255.82177695172
2023-06-27 16:00:00.000,178273.64735912942
2023-06-28 00:00:00.000,178291.4747238653
2023-06-28 08:00:00.000,178308.0593968441
2023-06-28 16:00:00.000,178316.25800141515
2023-06-29 00:00:00.000,178327.98051221613
2023-06-29 08:00:00.000,178344.56501440378
2023-06-29 16:00:00.000,178362.3994709052
2023-06-30 00:00:00.000,178380.23571085228
2023-06-30 08:00:00.000,178398.07373442338
2023-06-30 16:00:00.001,178415.91354179682
2023-07-01 00:00:00.000,178433.75513315102
2023-07-01 08:00:00.000,178451.59850866432
2023-07-01 16:00:00.000,178469.4436685152
2023-07-02 00:00:00.000,178487.29061288203
2023-07-02 08:00:00.000,178505.1393419433
2023-07-02 16:00:00.001,178522.9898558775
2023-07-03 00:00:00.000,178540.8421548631
2023-07-03 08:00:00.000,178558.69623907856
2023-07-03 16:00:00.000,178576.55210870248
2023-07-04 00:00:00.001,178594.40976391334
2023-07-04 08:00:00.000,178612.26920488972
2023-07-04 16:00:00.000,178630.13043181022
2023-07-05 00:00:00.000,178647.9934448534
2023-07-05 08:00:00.000,178665.8582441979
2023-07-05 16:00:00.000,178683.72483002231
2023-07-06 00:00:00.000,178701.59320250532
2023-07-06 08:00:00.000,178715.38896550055
2023-07-06 16:00:00.000,178718.0553991039
2023-07-07 00:00:00.000,178719.30285113057
2023-07-07 08:00:00.000,178726.84659290392
2023-07-07 16:00:00.000,178725.67057025334
2023-07-08 00:00:00.000,178732.38529369666
2023-07-08 08:00:00.000,178737.08774275373
2023-07-08 16:00:00.000,178740.10125005306
2023-07-09 00:00:00.000,178750.3019476314
2023-07-09 08:00:00.000,178762.49450572726
2023-07-09 16:00:00.000,178773.4937620142
2023-07-10 00:00:00.000,178769.5929243803
2023-07-10 08:00:00.000,178778.26324963712
2023-07-10 16:00:00.000,178783.61765862146
2023-07-11 00:00:00.000,178797.9382263959
2023-07-11 08:00:00.000,178812.7158759903
2023-07-11 16:00:00.000,178819.78613077602
2023-07-12 00:00:00.000,178832.37683191747
2023-07-12 08:00:00.000,178843.9633816124
2023-07-12 16:00:00.000,178852.27962590966
2023-07-13 00:00:00.000,178850.24965253592
2023-07-13 08:00:00.000,178861.19528781463
2023-07-13 16:00:00.000,178862.14146353773
2023-07-14 00:00:00.000,178880.02767768406
2023-07-14 08:00:00.000,178897.91568045184
2023-07-14 16:00:00.000,178915.80547201989
2023-07-15 00:00:00.000,178902.7213591657
2023-07-15 08:00:00.000,178908.10096399699
2023-07-15 16:00:00.000,178913.43958172976
2023-07-16 00:00:00.001,178917.0053265806
2023-07-16 08:00:00.000,178930.9107562346
2023-07-16 16:00:00.000,178939.11115987453
2023-07-17 00:00:00.000,178944.09461412032
2023-07-17 08:00:00.000,178955.3287243802
2023-07-17 16:00:00.000,178966.53311751166
2023-07-18 00:00:00.000,178973.6613545257
2023-07-18 08:00:00.000,178985.8279840246
2023-07-18 16:00:00.000,178999.21075438295
2023-07-19 00:00:00.000,179017.1106754584
2023-07-19 08:00:00.000,179026.46252932007
2023-07-19 16:00:00.001,179040.22966428858
2023-07-20 00:00:00.000,179044.9778111793
2023-07-20 08:00:00.000,179062.23953749007
2023-07-20 16:00:00.000,179072.20076987555
2023-07-21 00:00:00.001,179077.3526770917
2023-07-21 08:00:00.000,179078.744108122
2023-07-21 16:00:00.000,179085.40046504047
2023-07-22 00:00:00.000,179089.33138958068
2023-07-22 08:00:00.000,179091.02199286898
2023-07-22 16:00:00.000,179091.33898397788
2023-07-23 00:00:00.000,179096.54696011555
2023-07-23 08:00:00.000,179114.45661481156
2023-07-23 16:00:00.000,179131.2432216855
2023-07-24 00:00:00.000,179149.1563460077
2023-07-24 08:00:00.000,179156.92783640994
2023-07-24 16:00:00.000,179174.8435291936
2023-07-25 00:00:00.000,179188.64357564223
2023-07-25 08:00:00.000,179201.0308865726
2023-07-25 16:00:00.000,179217.99226414604
2023-07-26 00:00:00.000,179234.93015659493
2023-07-26 08:00:00.001,179252.8536496106
2023-07-26 16:00:00.000,179263.1929542091
2023-07-27 00:00:00.000,179268.81464794016
2023-07-27 08:00:00.000,179275.68064354116
2023-07-27 16:00:00.001,179280.83661211646
2023-07-28 00:00:00.000,179288.67656310153
2023-07-28 08:00:00.000,179300.64408226212
2023-07-28 16:00:00.000,179318.57414667035
2023-07-29 00:00:00.000,179336.506004085
2023-07-29 08:00:00.000,179344.6963023142
2023-07-29 16:00:00.001,179358.20095794578
2023-07-30 00:00:00.000,179372.82044490587
2023-07-30 08:00:00.000,179382.7935737226
2023-07-30 16:00:00.000,179390.60928203864
2023-07-31 00:00:00.000,179394.85904557252
2023-07-31 08:00:00.000,179408.06609509545
2023-07-31 16:00:00.001,179422.84752566103
2023-08-01 00:00:00.000,179434.1511650551
2023-08-01 08:00:00.000,179446.29526840596
2023-08-01 16:00:00.000,179464.2398979328
2023-08-02 00:00:00.000,179482.1863219226
2023-08-02 08:00:00.000,179500.1345405548
2023-08-02 16:00:00.000,179518.08455400885
2023-08-03 00:00:00.000,179536.03636246428
2023-08-03 08:00:00.000,179553.9899661005
2023-08-03 16:00:00.001,179571.9453650971
2023-08-04 00:00:00.000,179586.51942418294
2023-08-04 08:00:00.000,179604.47807612535
2023-08-04 16:00:00.000,179622.43852393297
2023-08-05 00:00:00.000,179629.94853808763
2023-08-05 08:00:00.000,179647.91153294145
2023-08-05 16:00:00.001,179665.87632409474
2023-08-06 00:00:00.000,179683.84291172714
2023-08-06 08:00:00.001,179701.81129601834
2023-08-06 16:00:00.005,179719.78147714792
2023-08-07 00:00:00.000,179737.75345529563
2023-08-07 08:00:00.000,179751.5375436081
2023-08-07 16:00:00.000,179769.5126973625
2023-08-08 00:00:00.000,179787.4896486322
2023-08-08 08:00:00.000,179803.9150336865
2023-08-08 16:00:00.000,179814.60257839612
2023-08-09 00:00:00.000,179829.18554266525
2023-08-09 08:00:00.000,179846.3178691719
2023-08-09 16:00:00.000,179862.28282680915
2023-08-10 00:00:00.001,179880.26905509183
2023-08-10 08:00:00.000,179898.25708199735
2023-08-10 16:00:00.000,179913.147260736
2023-08-11 00:00:00.000,179931.13857546207
2023-08-11 08:00:00.000,179949.13168931962
2023-08-11 16:00:00.000,179961.9494659699
2023-08-12 00:00:00.000,179979.94566091648
2023-08-12 08:00:00.000,179997.94365548258
2023-08-12 16:00:00.000,180014.69246413972
2023-08-13 00:00:00.000,180032.69393338615
2023-08-13 08:00:00.000,180041.04204940383
2023-08-13 16:00:00.000,180059.04615360877
2023-08-14 00:00:00.001,180077.05205822413
2023-08-14 08:00:00.000,180095.05976342995
2023-08-14 16:00:00.000,180113.0692694063
2023-08-15 00:00:00.001,180131.08057633322
2023-08-15 08:00:00.000,180149.09368439086
2023-08-15 16:00:00.000,180167.10859375927
2023-08-16 00:00:00.000,180185.12530461865
2023-08-16 08:00:00.001,180203.1438171491
2023-08-16 16:00:00.000,180221.16413153082
2023-08-17 00:00:00.000,180239.18624794396
2023-08-17 08:00:00.000,180257.21016656878
2023-08-17 16:00:00.000,180275.23588758544
2023-08-18 00:00:00.000,180293.26341117418
2023-08-18 08:00:00.000,180293.180476273
2023-08-18 16:00:00.000,180302.49442197641
2023-08-19 00:00:00.000,180302.0003931417
2023-08-19 08:00:00.000,180301.41982070045
2023-08-19 16:00:00.000,180291.8890876487
2023-08-20 00:00:00.000,180286.35592957263
2023-08-20 08:00:00.000,180278.48823299987
2023-08-20 16:00:00.000,180278.14029551757
2023-08-21 00:00:00.000,180273.09791593353
2023-08-21 08:00:00.000,180274.5689444125
2023-08-21 16:00:00.000,180271.6502991413
2023-08-22 00:00:00.000,180271.09506245836
2023-08-22 08:00:00.000,180267.61943574558
2023-08-22 16:00:00.000,180273.11399278598
2023-08-23 00:00:00.000,180274.44621109837
2023-08-23 08:00:00.000,180272.60741174704
2023-08-23 16:00:00.000,180278.4608633097
2023-08-24 00:00:00.000,180273.37340514414
2023-08-24 08:00:00.000,180277.8910558817
2023-08-24 16:00:00.000,180286.72467254344
2023-08-25 00:00:00.000,180285.53658302783
2023-08-25 08:00:00.000,180290.58818376288
2023-08-25 16:00:00.000,180299.9957466543
2023-08-26 00:00:00.000,180306.88320649185
2023-08-26 08:00:00.000,180316.5007756421
2023-08-26 16:00:00.000,180320.28020949836
2023-08-27 00:00:00.000,180320.45872657577
2023-08-27 08:00:00.000,180327.62826801473
2023-08-27 16:00:00.000,180329.849904395
2023-08-28 00:00:00.000,180329.13760148786
2023-08-28 08:00:00.001,180337.11536253535
2023-08-28 16:00:00.001,180345.27381363435
2023-08-29 00:00:00.000,180346.7598586906
2023-08-29 08:00:00.000,180353.5571280697
2023-08-29 16:00:00.000,180333.8372701333
2023-08-30 00:00:00.000,180342.6159213316
2023-08-30 08:00:00.000,180352.95135665007
2023-08-30 16:00:00.000,180360.06447705158
2023-08-31 00:00:00.000,180365.31115132722
2023-08-31 08:00:00.000,180377.68240801906
2023-08-31 16:00:00.000,180392.30201917823
2023-09-01 00:00:00.000,180396.96155233937
2023-09-01 08:00:00.000,180407.7276430048
2023-09-01 16:00:00.001,180419.01034229159
2023-09-02 00:00:00.000,180428.02768442853
2023-09-02 08:00:00.000,180431.52257532475
2023-09-02 16:00:00.000,180427.88146719916
2023-09-03 00:00:00.000,180436.61237238336
2023-09-03 08:00:00.000,180437.0363984224
2023-09-03 16:00:00.000,180442.25102877434
2023-09-04 00:00:00.000,180447.104925327
2023-09-04 08:00:00.000,180449.75569329836
2023-09-04 16:00:00.000,180447.84473038555
2023-09-05 00:00:00.000,180447.9403677433
2023-09-05 08:00:00.000,180451.50421456556
2023-09-05 16:00:00.000,180457.5782121974
2023-09-06 00:00:00.000,180460.71276033093
2023-09-06 08:00:00.000,180455.72663083737
2023-09-06 16:00:00.001,180459.57936060094
2023-09-07 00:00:00.000,180466.49096249044
2023-09-07 08:00:00.000,180473.49847633453
2023-09-07 16:00:00.000,180485.994461369
2023-09-08 00:00:00.000,180483.24204995346
2023-09-08 08:00:00.000,180484.16612415278
2023-09-08 16:00:00.000,180481.1141369036
2023-09-09 00:00:00.000,180471.9872069617
2023-09-09 08:00:00.000,180471.30682756993
2023-09-09 16:00:00.000,180473.8749342661
2023-09-10 00:00:00.000,180473.74318833736
2023-09-10 08:00:00.000,180479.687993438
2023-09-10 16:00:00.000,180484.39670849775
2023-09-11 00:00:00.000,180483.85525530763
2023-09-11 08:00:00.000,180487.14547598895
2023-09-11 16:00:00.001,180490.4628297228
2023-09-12 00:00:00.000,180495.39021935803
2023-09-12 08:00:00.000,180505.18209427744
2023-09-12 16:00:00.000,180498.86080280048
2023-09-13 00:00:00.000,180503.08808612046
2023-09-13 08:00:00.000,180505.36242503035
2023-09-13 16:00:00.000,180510.95628621193
2023-09-14 00:00:00.000,180511.7884417204
2023-09-14 08:00:00.001,180517.9763858282
2023-09-14 16:00:00.000,180509.4053923094
2023-09-15 00:00:00.000,180504.63813891297
2023-09-15 08:00:00.000,180503.26449861674
2023-09-15 16:00:00.000,180516.91235044543
2023-09-16 00:00:00.000,180514.41941188587
2023-09-16 08:00:00.000,180506.62118896728
2023-09-16 16:00:00.000,180500.91537467152
2023-09-17 00:00:00.000,180502.53446788245
2023-09-17 08:00:00.000,180504.5958068261
2023-09-17 16:00:00.000,180505.7672816529
2023-09-18 00:00:00.000,180504.85031235512
2023-09-18 08:00:00.000,180505.89543543843
2023-09-18 16:00:00.000,180493.66796608164
2023-09-19 00:00:00.000,180498.12254980707
2023-09-19 08:00:00.001,180494.56312683038
2023-09-19 16:00:00.000,180491.39364230187
2023-09-20 00:00:00.000,180486.6755972721
2023-09-20 08:00:00.000,180479.85861553476
2023-09-20 16:00:00.000,180478.07006013588
2023-09-21 00:00:00.001,180478.01772149556
2023-09-21 08:00:00.000,180485.78369059812
2023-09-21 16:00:00.000,180499.19197946848
2023-09-22 00:00:00.000,180499.08006996947
2023-09-22 08:00:00.000,180500.94643045738
2023-09-22 16:00:00.000,180504.80193067316
2023-09-23 00:00:00.000,180516.85243125004
2023-09-23 08:00:00.000,180519.66127347387
2023-09-23 16:00:00.000,180520.03855956593
2023-09-24 00:00:00.000,180517.52572062917
2023-09-24 08:00:00.000,180526.04795301845
2023-09-24 16:00:00.000,180531.25974002286
2023-09-25 00:00:00.000,180528.9850461501
2023-09-25 08:00:00.000,180544.4473537193
2023-09-25 16:00:00.000,180553.09904363652
2023-09-26 00:00:00.000,180546.0394174639
2023-09-26 08:00:00.000,180543.845783085
2023-09-26 16:00:00.000,180554.00317984875
2023-09-27 00:00:00.000,180571.95746992496
2023-09-27 08:00:00.001,180578.0571906483
2023-09-27 16:00:00.000,180581.80237955446
2023-09-28 00:00:00.000,180583.01950090248
2023-09-28 08:00:00.000,180580.16448336418
2023-09-28 16:00:00.000,180571.61942998084
2023-09-29 00:00:00.000,180564.58797112023
2023-09-29 08:00:00.000,180559.952878147
2023-09-29 16:00:00.000,180560.8123435227
2023-09-30 00:00:00.000,180561.97334954605
2023-09-30 08:00:00.000,180565.3390247293
2023-09-30 16:00:00.000,180568.0926461494
2023-10-01 00:00:00.000,180568.6253220227
2023-10-01 08:00:00.000,180567.50760223196
2023-10-01 16:00:00.000,180563.42135953493
2023-10-02 00:00:00.000,180573.95001263442
2023-10-02 08:00:00.000,180575.2645909905
2023-10-02 16:00:00.000,180572.59749433247
2023-10-03 00:00:00.000,180580.13098309995
2023-10-03 08:00:00.000,180583.14125388343
2023-10-03 16:00:00.000,180587.65583241478
2023-10-04 00:00:00.000,180598.54707393804
2023-10-04 08:00:00.000,180609.74418385664
2023-10-04 16:00:00.000,180604.58416346533
2023-10-05 00:00:00.000,180597.7085469462
2023-10-05 08:00:00.000,180590.00063674545
2023-10-05 16:00:00.001,180585.8434549308
2023-10-06 00:00:00.000,180583.84617550217
2023-10-06 08:00:00.000,180586.43935953328
2023-10-06 16:00:00.000,180580.7526925578
2023-10-07 00:00:00.000,180584.588227745
2023-10-07 08:00:00.000,180589.73308266362
2023-10-07 16:00:00.000,180593.49476680372
2023-10-08 00:00:00.000,180594.0618303773
2023-10-08 08:00:00.001,180595.82081653952
2023-10-08 16:00:00.000,180605.1449787683
2023-10-09 00:00:00.000,180612.35473615586
2023-10-09 08:00:00.000,180618.70326042484
2023-10-09 16:00:00.000,180632.86015438638
2023-10-10 00:00:00.000,180644.32853467757
2023-10-10 08:00:00.000,180647.74993826
2023-10-10 16:00:00.000,180655.9657979272
2023-10-11 00:00:00.000,180666.65701798312
2023-10-11 08:00:00.000,180681.70655051272
2023-10-11 16:00:00.000,180693.1238275497
2023-10-12 00:00:00.000,180711.19313993244
2023-10-12 08:00:00.000,180716.00186478187
2023-10-12 16:00:00.000,180729.20136155808
2023-10-13 00:00:00.000,180733.3472894373
2023-10-13 08:00:00.000,180737.03244238853
2023-10-13 16:00:00.000,180741.23638576316
2023-10-14 00:00:00.000,180741.42616406138
2023-10-14 08:00:00.000,180745.42235699383
2023-10-14 16:00:00.000,180749.86146456693
2023-10-15 00:00:00.000,180747.13394915743
2023-10-15 08:00:00.000,180754.89161614652
2023-10-15 16:00:00.000,180758.9116049361
2023-10-16 00:00:00.000,180759.83528297438
2023-10-16 08:00:00.000,180759.88589572828
2023-10-16 16:00:00.000,180777.3183791241
2023-10-17 00:00:00.000,180777.68716485362
2023-10-17 08:00:00.000,180780.386175723
2023-10-17 16:00:00.000,180776.20834099845
2023-10-18 00:00:00.000,180770.16499235362
2023-10-18 08:00:00.000,180767.9668271473
2023-10-18 16:00:00.000,180770.93865252193
2023-10-19 00:00:00.000,180769.08032727256
2023-10-19 08:00:00.001,180767.95232821134
2023-10-19 16:00:00.000,180748.05700737808
2023-10-20 00:00:00.000,180731.29804753233
2023-10-20 08:00:00.005,180734.8006200885
2023-10-20 16:00:00.000,180739.65696418114
2023-10-21 00:00:00.000,180736.79224061826
2023-10-21 08:00:00.000,180744.69766791083
2023-10-21 16:00:00.000,180755.22966144394
2023-10-22 00:00:00.000,180759.86964818937
2023-10-22 08:00:00.000,180764.53144522762
2023-10-22 16:00:00.000,180770.16226038217
2023-10-23 00:00:00.000,180785.07579876864
2023-10-23 08:00:00.001,180802.41308753775
2023-10-23 16:00:00.001,180803.58468717456
2023-10-24 00:00:00.000,180821.66504564325
2023-10-24 08:00:00.000,180839.7472121478
2023-10-24 16:00:00.000,180857.83118686904
2023-10-25 00:00:00.000,180875.9169699877
2023-10-25 08:00:00.000,180894.0045616847
2023-10-25 16:00:00.001,180912.09396214085
2023-10-26 00:00:00.001,180930.18517153707
2023-10-26 08:00:00.000,180948.27819005423
2023-10-26 16:00:00.000,180966.37301787324
2023-10-27 00:00:00.000,180984.46965517502
2023-10-27 08:00:00.000,181002.56810214056
2023-10-27 16:00:00.000,181020.66835895076
2023-10-28 00:00:00.000,181038.77042578667
2023-10-28 08:00:00.001,181056.87430282924
2023-10-28 16:00:00.000,181074.9799902595
2023-10-29 00:00:00.000,181093.08748825855
2023-10-29 08:00:00.000,181111.19679700735
2023-10-29 16:00:00.000,181129.30791668707
2023-10-30 00:00:00.000,181147.42084747873
2023-10-30 08:00:00.000,181165.5355895635
2023-10-30 16:00:00.000,181183.65214312242
2023-10-31 00:00:00.001,181201.77050833672
2023-10-31 08:00:00.000,181219.89068538757
2023-10-31 16:00:00.000,181238.01267445608
2023-11-01 00:00:00.000,181256.13647572353
2023-11-01 08:00:00.000,181274.26208937113
2023-11-01 16:00:00.000,181292.38951558006
2023-11-02 00:00:00.001,181310.5187545316
2023-11-02 08:00:00.000,181328.64980640705
2023-11-02 16:00:00.000,181346.7826713877
2023-11-03 00:00:00.000,181364.91734965483
2023-11-03 08:00:00.000,181383.0538413898
2023-11-03 16:00:00.000,181401.19214677392
2023-11-04 00:00:00.000,181419.3322659886
2023-11-04 08:00:00.000,181437.4741992152
2023-11-04 16:00:00.000,181455.61794663515
2023-11-05 00:00:00.000,181473.7635084298
2023-11-05 08:00:00.000,181491.91088478066
2023-11-05 16:00:00.000,181510.0600758691
2023-11-06 00:00:00.000,181528.2110818767
2023-11-06 08:00:00.001,181546.3639029849
2023-11-06 16:00:00.000,181564.5185393752
2023-11-07 00:00:00.001,181582.67499122914
2023-11-07 08:00:00.000,181600.83325872823
2023-11-07 16:00:00.000,181618.9933420541
2023-11-08 00:00:00.000,181637.15524138833
2023-11-08 08:00:00.000,181655.31895691247
2023-11-08 16:00:00.000,181673.48448880814
2023-11-09 00:00:00.000,181691.65183725703
2023-11-09 08:00:00.000,181709.8210024408
2023-11-09 16:00:00.000,181746.2120282929
2023-11-10 00:00:00.000,181764.38664949575
2023-11-10 08:00:00.000,181785.62036514413
2023-11-10 16:00:00.000,181803.79892718064
2023-11-11 00:00:00.000,181821.97930707334
2023-11-11 08:00:00.000,181852.17448317684
2023-11-11 16:00:00.000,181878.81218969516
2023-11-12 00:00:00.000,181906.87609041602
2023-11-12 08:00:00.000,181949.60055840336
2023-11-12 16:00:00.001,181999.1290591714
2023-11-13 00:00:00.000,182058.21871640303
2023-11-13 08:00:00.000,182078.05031816778
2023-11-13 16:00:00.000,182115.361752239
2023-11-14 00:00:00.000,182147.01704441878
2023-11-14 08:00:00.000,182176.83268963877
2023-11-14 16:00:00.001,182203.20642970724
2023-11-15 00:00:00.000,182221.4267503502
2023-11-15 08:00:00.000,182239.64889302524
2023-11-15 16:00:00.000,182257.87285791454
2023-11-16 00:00:00.000,182276.09864520034
2023-11-16 08:00:00.000,182303.80278943342
2023-11-16 16:00:00.001,182325.70476830052
2023-11-17 00:00:00.000,182343.93733877735
2023-11-17 08:00:00.001,182362.17173251123
2023-11-17 16:00:00.001,182380.40794968448
2023-11-18 00:00:00.000,182398.64599047945
2023-11-18 08:00:00.000,182416.8858550785
2023-11-18 16:00:00.000,182435.127543664
2023-11-19 00:00:00.000,182453.37105641837
2023-11-19 08:00:00.000,182471.61639352402
2023-11-19 16:00:00.000,182489.86355516335
2023-11-20 00:00:00.000,182508.11254151887
2023-11-20 08:00:00.000,182526.363352773
2023-11-20 16:00:00.000,182544.6159891083
2023-11-21 00:00:00.000,182562.8704507072
2023-11-21 08:00:00.000,182581.12673775226
2023-11-21 16:00:00.000,182599.38485042605
2023-11-22 00:00:00.000,182617.64478891107
2023-11-22 08:00:00.000,182635.90655338997
2023-11-22 16:00:00.000,182654.1701440453
2023-11-23 00:00:00.000,182672.4355610597
2023-11-23 08:00:00.000,182690.7028046158
2023-11-23 16:00:00.001,182708.97187489626
2023-11-24 00:00:00.000,182727.24277208376
2023-11-24 08:00:00.000,182745.51549636098
2023-11-24 16:00:00.000,182763.79004791062
2023-11-25 00:00:00.000,182782.06642691538
2023-11-25 08:00:00.000,182800.34463355807
2023-11-25 16:00:00.000,182818.62466802142
2023-11-26 00:00:00.000,182836.90653048822
2023-11-26 08:00:00.000,182855.19022114127
2023-11-26 16:00:00.000,182873.47574016338
2023-11-27 00:00:00.000,182891.7630877374
2023-11-27 08:00:00.001,182910.0522640462
2023-11-27 16:00:00.000,182928.3432692726
2023-11-28 00:00:00.000,182946.6361035995
2023-11-28 08:00:00.000,182964.93076720988
2023-11-28 16:00:00.000,182983.2272602866
2023-11-29 00:00:00.001,183001.5255830126
2023-11-29 08:00:00.000,183019.82573557092
2023-11-29 16:00:00.000,183038.12771814447
2023-11-30 00:00:00.000,183056.43153091628
2023-11-30 08:00:00.000,183074.73717406936
2023-11-30 16:00:00.000,183093.04464778677
2023-12-01 00:00:00.000,183111.35395225155
2023-12-01 08:00:00.000,183129.66508764678
2023-12-01 16:00:00.000,183147.97805415554
2023-12-02 00:00:00.000,183166.2012779719
2023-12-02 08:00:00.000,183178.97345718706
2023-12-02 16:00:00.000,183194.61877331004
2023-12-03 00:00:00.000,183212.93823518738
2023-12-03 08:00:00.000,183231.2595290109
2023-12-03 16:00:00.000,183249.58265496377
2023-12-04 00:00:00.000,183267.9076132293
2023-12-04 08:00:00.000,183286.23440399062
2023-12-04 16:00:00.000,183304.56302743102
2023-12-05 00:00:00.000,183322.89348373376
2023-12-05 08:00:00.000,183341.22577308214
2023-12-05 16:00:00.000,183359.55989565945
2023-12-06 00:00:00.000,183377.895851649
2023-12-06 08:00:00.000,183396.23364123417
2023-12-06 16:00:00.000,183414.5732645983
2023-12-07 00:00:00.000,183432.91472192475
2023-12-07 08:00:00.000,183451.25801339693
2023-12-07 16:00:00.000,183469.6031391983
2023-12-08 00:00:00.000,183487.9500995122
2023-12-08 08:00:00.000,183530.68077333138
2023-12-08 16:00:00.000,183567.83105373348
2023-12-09 00:00:00.000,183588.9486970179
2023-12-09 08:00:00.000,183644.31728805546
2023-12-09 16:00:00.000,183675.88941908363
2023-12-10 00:00:00.000,183713.95441040682
2023-12-10 08:00:00.000,183751.4008257343
2023-12-10 16:00:00.000,183795.35967335384
2023-12-11 00:00:00.000,183822.43272983376
2023-12-11 08:00:00.000,183840.81497310672
2023-12-11 16:00:00.000,183859.19905460405
2023-12-12 00:00:00.000,183877.5849745095
2023-12-12 08:00:00.000,183895.97273300696
2023-12-12 16:00:00.000,183914.36233028024
2023-12-13 00:00:00.000,183936.2646916902
2023-12-13 08:00:00.000,183954.95629490813
2023-12-13 16:00:00.001,183978.13645895084
2023-12-14 00:00:00.000,183996.53427259673
2023-12-14 08:00:00.000,184014.93392602398
2023-12-14 16:00:00.000,184033.3354194166
2023-12-15 00:00:00.000,184051.73875295854
2023-12-15 08:00:00.000,184070.14392683384
2023-12-15 16:00:00.000,184088.55094122654
2023-12-16 00:00:00.000,184106.95979632065
2023-12-16 08:00:00.000,184125.37049230028
2023-12-16 16:00:00.001,184143.7830293495
2023-12-17 00:00:00.000,184162.19740765242
2023-12-17 08:00:00.000,184180.6136273932
2023-12-17 16:00:00.000,184199.03168875593
2023-12-18 00:00:00.000,184223.63146943794
2023-12-18 08:00:00.001,184242.0538325849
2023-12-18 16:00:00.000,184270.81585960873
2023-12-19 00:00:00.000,184289.24294119465
2023-12-19 08:00:00.000,184307.67186548878
2023-12-19 16:00:00.000,184326.10263267532
2023-12-20 00:00:00.000,184345.46793301794
2023-12-20 08:00:00.000,184363.90247981122
2023-12-20 16:00:00.000,184407.4805754404
2023-12-21 00:00:00.000,184457.53429789297
2023-12-21 08:00:00.000,184511.42541111348
2023-12-21 16:00:00.000,184564.83777854146
2023-12-22 00:00:00.000,184621.69482246754
2023-12-22 08:00:00.000,184676.36130630446
2023-12-22 16:00:00.000,184709.62336573933
2023-12-23 00:00:00.000,184739.70332790443
2023-12-23 08:00:00.001,184758.17729823722
2023-12-23 16:00:00.000,184786.012965229
2023-12-24 00:00:00.000,184804.4915665255
2023-12-24 08:00:00.000,184842.91242032216
2023-12-24 16:00:00.000,184879.38007851355
2023-12-25 00:00:00.000,184897.86801652142
2023-12-25 08:00:00.000,184916.35780332307
2023-12-25 16:00:00.000,184986.45589623917
2023-12-26 00:00:00.000,185066.7233693171
2023-12-26 08:00:00.000,185110.68967078792
2023-12-26 16:00:00.000,185165.4065395477
2023-12-27 00:00:00.000,185216.551076488
2023-12-27 08:00:00.000,185286.82594029742
2023-12-27 16:00:00.000,185346.68099654917
2023-12-28 00:00:00.000,185370.81498788175
2023-12-28 08:00:00.000,185441.03159889102
2023-12-28 16:00:00.000,185534.0339850585
2023-12-29 00:00:00.001,185636.39311160805
2023-12-29 08:00:00.000,185729.0479481379
2023-12-29 16:00:00.000,185816.49289849284
2023-12-30 00:00:00.001,185877.87366059198
2023-12-30 08:00:00.000,185958.87923793326
2023-12-30 16:00:00.000,186029.2497970145
2023-12-31 00:00:00.000,186081.06824454546
2023-12-31 08:00:00.001,186145.40205226964
2023-12-31 16:00:00.000,186207.94132299715
2024-01-01 00:00:00.000,186277.5998517667
2024-01-01 08:00:00.000,186328.29157501433
2024-01-01 16:00:00.000,186390.89974426647
2024-01-02 00:00:00.000,186513.63069611206
2024-01-02 08:00:00.000,186579.24432625464
2024-01-02 16:00:00.000,186679.49335423112
2024-01-03 00:00:00.000,186718.99286822992
2024-01-03 08:00:00.000,186750.96476137877
2024-01-03 16:00:00.000,186769.6398578549
2024-01-04 00:00:00.000,186788.3168218407
2024-01-04 08:00:00.000,186806.99565352287
2024-01-04 16:00:00.000,186825.67635308823
2024-01-05 00:00:00.001,186844.35892072352
2024-01-05 08:00:00.000,186863.0433566156
2024-01-05 16:00:00.000,186881.72966095127
2024-01-06 00:00:00.000,186900.41783391737
2024-01-06 08:00:00.000,186919.10787570075
2024-01-06 16:00:00.000,186937.7997864883
2024-01-07 00:00:00.000,186956.49356646696
2024-01-07 08:00:00.001,186975.1892158236
2024-01-07 16:00:00.001,186993.88673474517
2024-01-08 00:00:00.000,187012.58612341865
2024-01-08 08:00:00.000,187031.28738203098
2024-01-08 16:00:00.000,187049.9905107692
2024-01-09 00:00:00.001,187068.69550982025
2024-01-09 08:00:00.000,187087.40237937125
2024-01-09 16:00:00.000,187106.11111960918
2024-01-10 00:00:00.000,187124.82173072113
2024-01-10 08:00:00.000,187143.5342128942
2024-01-10 16:00:00.000,187162.24856631548
2024-01-11 00:00:00.000,187180.96479117213
2024-01-11 08:00:00.000,187199.68288765123
2024-01-11 16:00:00.000,187218.40285594
2024-01-12 00:00:00.001,187237.1246962256
2024-01-12 08:00:00.000,187255.84840869522
2024-01-12 16:00:00.000,187274.5739935361
2024-01-13 00:00:00.000,187293.30145093543
2024-01-13 08:00:00.000,187312.0307810805
2024-01-13 16:00:00.001,187330.76198415863
2024-01-14 00:00:00.000,187349.49506035706
2024-01-14 08:00:00.000,187368.2300098631
2024-01-14 16:00:00.001,187386.96683286407
2024-01-15 00:00:00.000,187405.70552954733
2024-01-15 08:00:00.000,187424.4461001003
2024-01-15 16:00:00.000,187443.18854471028
2024-01-16 00:00:00.000,187461.93286356475
2024-01-16 08:00:00.000,187480.6790568511
2024-01-16 16:00:00.001,187499.4271247568
2024-01-17 00:00:00.000,187518.17706746928
2024-01-17 08:00:00.000,187536.92888517602
2024-01-17 16:00:00.000,187555.68257806453
2024-01-18 00:00:00.001,187574.43814632233
2024-01-18 08:00:00.000,187593.19559013695
2024-01-18 16:00:00.000,187611.95490969598
2024-01-19 00:00:00.000,187630.71610518693
2024-01-19 08:00:00.000,187649.47917679744
2024-01-19 16:00:00.002,187668.24412471513
2024-01-20 00:00:00.000,187687.01094912758
2024-01-20 08:00:00.003,187705.7796502225
2024-01-20 16:00:00.000,187724.55022818752
2024-01-21 00:00:00.000,187743.32268321034
2024-01-21 08:00:00.000,187762.09701547865
2024-01-21 16:00:00.000,187780.8732251802
2024-01-22 00:00:00.000,187799.6513125027
2024-01-22 08:00:00.000,187818.43127763396
2024-01-22 16:00:00.000,187837.2131207617
2024-01-23 00:00:00.000,187855.9968420738
2024-01-23 08:00:00.000,187874.782441758
2024-01-23 16:00:00.000,187893.56992000216
2024-01-24 00:00:00.000,187912.35927699416
2024-01-24 08:00:00.000,187931.15051292186
2024-01-24 16:00:00.000,187949.94362797315
2024-01-25 00:00:00.000,187968.73862233595
2024-01-25 08:00:00.001,187987.53549619816
2024-01-25 16:00:00.000,188006.3342497478
2024-01-26 00:00:00.001,188025.13488317275
2024-01-26 08:00:00.000,188043.9373966611
2024-01-26 16:00:00.000,188062.74179040073
2024-01-27 00:00:00.000,188079.60349582965
2024-01-27 08:00:00.000,188098.41145617925
2024-01-27 16:00:00.000,188114.02362433012
2024-01-28 00:00:00.000,188132.83502669257
2024-01-28 08:00:00.000,188141.72430314755
2024-01-28 16:00:00.000,188160.53847557787
2024-01-29 00:00:00.000,188179.3545294254
2024-01-29 08:00:00.001,188196.55788601647
2024-01-29 16:00:00.000,188215.3775418051
2024-01-30 00:00:00.000,188234.19907955927
2024-01-30 08:00:00.000,188252.0662697359
2024-01-30 16:00:00.001,188261.7593686281
2024-01-31 00:00:00.000,188265.81452692492
2024-01-31 08:00:00.000,188284.6411083776
2024-01-31 16:00:00.000,188303.46957248845
2024-02-01 00:00:00.000,188322.29991944568
2024-02-01 08:00:00.000,188341.13214943765
2024-02-01 16:00:00.002,188359.9662626526
2024-02-02 00:00:00.000,188378.80225927886
2024-02-02 08:00:00.000,188397.64013950477
2024-02-02 16:00:00.000,188416.47990351872
2024-02-03 00:00:00.000,188430.850428441
2024-02-03 08:00:00.000,188447.88834593672
2024-02-03 16:00:00.001,188463.01694241312
2024-02-04 00:00:00.000,188478.67256523055
2024-02-04 08:00:00.004,188495.34538860567
2024-02-04 16:00:00.000,188514.19492314453
2024-02-05 00:00:00.000,188533.04634263684
2024-02-05 08:00:00.000,188551.89964727112
2024-02-05 16:00:00.000,188570.7548372358
2024-02-06 00:00:00.000,188589.61191271956
2024-02-06 08:00:00.001,188602.29079232845
2024-02-06 16:00:00.000,188621.15102140766
2024-02-07 00:00:00.000,188635.34853544502
2024-02-07 08:00:00.000,188645.48391272186
2024-02-07 16:00:00.000,188661.15280661563
2024-02-08 00:00:00.000,188680.0189218963
2024-02-08 08:00:00.000,188692.34916113288
2024-02-08 16:00:00.000,188697.23629297616
2024-02-09 00:00:00.000,188703.199125643
2024-02-09 08:00:00.000,188722.0694455556
2024-02-09 16:00:00.001,188740.56609558198
2024-02-10 00:00:00.001,188755.7427245017
2024-02-10 08:00:00.000,188774.61829877415
2024-02-10 16:00:00.000,188793.495760604
2024-02-11 00:00:00.000,188812.3751101801
2024-02-11 08:00:00.001,188831.2563476911
2024-02-11 16:00:00.000,188850.13947332586
2024-02-12 00:00:00.000,188869.0244872732
2024-02-12 08:00:00.000,188887.9113897219
2024-02-12 16:00:00.000,188906.80018086088
2024-02-13 00:00:00.000,188925.69086087897
2024-02-13 08:00:00.000,188944.58342996505
2024-02-13 16:00:00.000,188963.47788830806
2024-02-14 00:00:00.000,188982.37423609686
2024-02-14 08:00:00.000,189001.27247352048
2024-02-14 16:00:00.000,189024.48749981838
2024-02-15 00:00:00.000,189043.38994856837
2024-02-15 08:00:00.000,189062.2942875632
2024-02-15 16:00:00.000,189081.200516992
2024-02-16 00:00:00.000,189100.10863704368
2024-02-16 08:00:00.000,189119.01864790736
2024-02-16 16:00:00.000,189137.93054977214
2024-02-17 00:00:00.000,189156.8443428271
2024-02-17 08:00:00.000,189175.7600272614
2024-02-17 16:00:00.000,189206.1057109274
2024-02-18 00:00:00.000,189238.724843552
2024-02-18 08:00:00.000,189267.68783038927
2024-02-18 16:00:00.000,189300.04314162387
2024-02-19 00:00:00.000,189343.70330357406
2024-02-19 08:00:00.000,189380.80330879937
2024-02-19 16:00:00.000,189406.04208845636
2024-02-20 00:00:00.000,189425.8558545192
2024-02-20 08:00:00.000,189446.52600391008
2024-02-20 16:00:00.000,189484.90597561322
2024-02-21 00:00:00.000,189503.85446621076
2024-02-21 08:00:00.000,189525.15848952986
2024-02-21 16:00:00.000,189544.11100537883
2024-02-22 00:00:00.001,189563.06541647937
2024-02-22 08:00:00.001,189588.61851769753
2024-02-22 16:00:00.000,189612.42516052478
2024-02-23 00:00:00.000,189631.38640304084
2024-02-23 08:00:00.000,189650.34954168115
2024-02-23 16:00:00.000,189674.98701859012
2024-02-24 00:00:00.000,189693.95451729198
2024-02-24 08:00:00.001,189712.9239127437
2024-02-24 16:00:00.000,189731.89520513496
2024-02-25 00:00:00.001,189753.59673930853
2024-02-25 08:00:00.000,189782.08254925103
2024-02-25 16:00:00.000,189810.66752652463
2024-02-26 00:00:00.000,189861.4627592614
2024-02-26 08:00:00.000,189902.4101809347
2024-02-26 16:00:00.000,189954.11491015466
2024-02-27 00:00:00.000,190015.39790670696
2024-02-27 08:00:00.000,190155.09912740195
2024-02-27 16:00:00.000,190198.76824591658
2024-02-28 00:00:00.000,190249.60647468103
2024-02-28 08:00:00.000,190294.66138648638
2024-02-28 16:00:00.000,190396.5413422995
2024-02-29 00:00:00.000,190528.0882166783
2024-02-29 08:00:00.000,190673.53164338027
2024-02-29 16:00:00.000,190782.27466521182
2024-03-01 00:00:00.000,190884.0035897088
2024-03-01 08:00:00.000,191007.7422361958
2024-03-01 16:00:00.000,191095.62489839867
2024-03-02 00:00:00.000,191159.5005219772
2024-03-02 08:00:00.001,191268.79405480565
2024-03-02 16:00:00.000,191376.66200390083
2024-03-03 00:00:00.000,191465.2062441102
2024-03-03 08:00:00.000,191547.51522162245
2024-03-03 16:00:00.000,191632.941582461
2024-03-04 00:00:00.000,191738.47575971988
2024-03-04 08:00:00.000,191828.2726400724
2024-03-04 16:00:00.000,191950.313787126
2024-03-05 00:00:00.000,192044.2926607562
2024-03-05 08:00:00.000,192203.6298899339
2024-03-05 16:00:00.000,192373.0535456093
2024-03-06 00:00:00.000,192442.84648943564
2024-03-06 08:00:00.001,192508.0384281124
2024-03-06 16:00:00.000,192603.04884539818
2024-03-07 00:00:00.000,192661.4287555337
2024-03-07 08:00:00.000,192740.38911549488
2024-03-07 16:00:00.000,192844.8871722616
2024-03-08 00:00:00.000,192912.0338335261
2024-03-08 08:00:00.000,192995.94478088268
2024-03-08 16:00:00.000,193117.36431962266
2024-03-09 00:00:00.000,193154.31539611157
2024-03-09 08:00:00.001,193214.73599751064
2024-03-09 16:00:00.000,193265.75821284554
2024-03-10 00:00:00.000,193325.68992446736
2024-03-10 08:00:00.000,193448.35700798134
2024-03-10 16:00:00.000,193553.7457383957
2024-03-11 00:00:00.000,193622.43602722083
2024-03-11 08:00:00.000,193774.29023134825
2024-03-11 16:00:00.000,193902.94860909026
2024-03-12 00:00:00.000,193989.17725033674
2024-03-12 08:00:00.000,194077.05434763114
2024-03-12 16:00:00.000,194170.08518363268
2024-03-13 00:00:00.000,194234.5962527341
2024-03-13 08:00:00.001,194359.7221796401
2024-03-13 16:00:00.000,194447.96538070415
2024-03-14 00:00:00.001,194495.39707289945
2024-03-14 08:00:00.000,194570.76987412712
2024-03-14 16:00:00.000,194645.20875926554
2024-03-15 00:00:00.000,194720.17636141917
2024-03-15 08:00:00.000,194748.07586828826
2024-03-15 16:00:00.000,194777.88400878065
2024-03-16 00:00:00.000,194797.3617971815
2024-03-16 08:00:00.000,194842.5586810657
2024-03-16 16:00:00.000,194883.111262804
2024-03-17 00:00:00.000,194908.61951323724
2024-03-17 08:00:00.000,194943.26062218336
2024-03-17 16:00:00.000,194991.65918549802
2024-03-18 00:00:00.000,195031.01045223826
2024-03-18 08:00:00.000,195090.68409050634
2024-03-18 16:00:00.001,195143.73900204475
2024-03-19 00:00:00.000,195196.27755089625
2024-03-19 08:00:00.000,195253.01134896642
2024-03-19 16:00:00.001,195299.90721723222
2024-03-20 00:00:00.000,195330.85639352893
2024-03-20 08:00:00.004,195366.77383140256
2024-03-20 16:00:00.000,195386.3105087857
2024-03-21 00:00:00.000,195406.63654666796
2024-03-21 08:00:00.000,195444.35784378694
2024-03-21 16:00:00.000,195482.48903800224
2024-03-22 00:00:00.000,195514.2959937936
2024-03-22 08:00:00.000,195533.84742339296
2024-03-22 16:00:00.000,195557.29779771448
2024-03-23 00:00:00.000,195576.85352749424
2024-03-23 08:00:00.000,195596.411212847
2024-03-23 16:00:00.000,195617.54736104267
2024-03-24 00:00:00.000,195637.79573337
2024-03-24 08:00:00.000,195666.39015359437
2024-03-24 16:00:00.000,195697.4698030064
2024-03-25 00:00:00.000,195747.46854956637
2024-03-25 08:00:00.001,195779.4223663324
2024-03-25 16:00:00.000,195835.83620688727
2024-03-26 00:00:00.000,195878.84763159338
2024-03-26 08:00:00.000,195914.78748255683
2024-03-26 16:00:00.000,195967.22211627863
2024-03-27 00:00:00.000,196023.57641034262
2024-03-27 08:00:00.001,196081.50333740763
2024-03-27 16:00:00.000,196167.05565812878
2024-03-28 00:00:00.000,196214.51827724525
2024-03-28 08:00:00.000,196273.18445606498
2024-03-28 16:00:00.000,196330.9476542504
2024-03-29 00:00:00.000,196366.7780521973
2024-03-29 08:00:00.000,196416.76517921826
2024-03-29 16:00:00.000,196476.02411727284
2024-03-30 00:00:00.000,196514.5805722456
2024-03-30 08:00:00.000,196577.98993195887
2024-03-30 16:00:00.000,196645.5341292995
2024-03-31 00:00:00.000,196709.1509260457
2024-03-31 08:00:00.000,196787.6162392586
2024-03-31 16:00:00.001,196866.9236164792
2024-04-01 00:00:00.000,197005.04741875772
2024-04-01 08:00:00.000,197071.02637918876
2024-04-01 16:00:00.000,197125.15981942485
2024-04-02 00:00:00.007,197146.69771438674
2024-04-02 08:00:00.015,197166.41238415817
2024-04-02 16:00:00.000,197198.8580889801
2024-04-03 00:00:00.000,197218.577974789
2024-04-03 08:00:00.000,197238.29983258646
2024-04-03 16:00:00.000,197258.02366256973
2024-04-04 00:00:00.000,197277.74946493597
2024-04-04 08:00:00.000,197297.47723988246
2024-04-04 16:00:00.000,197317.20698760648
2024-04-05 00:00:00.000,197336.9387083052
2024-04-05 08:00:00.000,197356.67240217605
2024-04-05 16:00:00.000,197376.40806941624
2024-04-06 00:00:00.000,197396.14571022318
2024-04-06 08:00:00.000,197415.88532479422
2024-04-06 16:00:00.000,197435.6269133267
2024-04-07 00:00:00.000,197455.37047601803
2024-04-07 08:00:00.000,197475.11601306562
2024-04-07 16:00:00.000,197494.86352466693
2024-04-08 00:00:00.001,197514.6130110194
2024-04-08 08:00:00.000,197534.36447232048
2024-04-08 16:00:00.006,197603.87483983464
2024-04-09 00:00:00.000,197645.2036902574
2024-04-09 08:00:00.001,197685.9245315737
2024-04-09 16:00:00.001,197723.60544564866
2024-04-10 00:00:00.000,197747.19189454228
2024-04-10 08:00:00.001,197771.8252622366
2024-04-10 16:00:00.000,197791.60244476283
2024-04-11 00:00:00.000,197819.25173286855
2024-04-11 08:00:00.000,197859.1182466703
2024-04-11 16:00:00.000,197898.22114420935
2024-04-12 00:00:00.000,197920.50052594577
2024-04-12 08:00:00.001,197971.22755023054
2024-04-12 16:00:00.000,197995.40775596353
2024-04-13 00:00:00.000,198015.20729673913
2024-04-13 08:00:00.000,198035.0088174688
2024-04-13 16:00:00.001,198054.81231835057
2024-04-14 00:00:00.000,198074.6177995824
2024-04-14 08:00:00.000,198094.42526136237
2024-04-14 16:00:00.000,198114.2347038885
2024-04-15 00:00:00.000,198134.0461273589
2024-04-15 08:00:00.001,198137.53130523025
2024-04-15 16:00:00.000,198157.34505836075
2024-04-16 00:00:00.001,198169.14136511207
2024-04-16 08:00:00.000,198188.01697582708
2024-04-16 16:00:00.000,198194.97932086347
2024-04-17 00:00:00.000,198207.6142507952
2024-04-17 08:00:00.000,198214.6981909285
2024-04-17 16:00:00.000,198227.64953930827
2024-04-18 00:00:00.000,198241.40059135683
2024-04-18 08:00:00.000,198253.25939194017
2024-04-18 16:00:00.000,198246.64962827205
2024-04-19 00:00:00.001,198240.46433280365
2024-04-19 08:00:00.000,198253.62948204
2024-04-19 16:00:00.000,198265.28679545352
2024-04-20 00:00:00.000,198285.11332413307
2024-04-20 08:00:00.000,198283.59446016498
2024-04-20 16:00:00.000,198291.9303024761
2024-04-21 00:00:00.000,198298.24788337556
2024-04-21 08:00:00.000,198294.09750104736
2024-04-21 16:00:00.000,198310.4984058517
2024-04-22 00:00:00.000,198319.2419157264
2024-04-22 08:00:00.000,198324.19394719703
2024-04-22 16:00:00.000,198325.9748984587
2024-04-23 00:00:00.000,198323.52358940896
2024-04-23 08:00:00.000,198333.915742045
2024-04-23 16:00:00.001,198331.76778573752
2024-04-24 00:00:00.000,198334.57021361636
2024-04-24 08:00:00.000,198345.0859125291
2024-04-24 16:00:00.000,198359.06329073335
2024-04-25 00:00:00.000,198372.98809697633
2024-04-25 08:00:00.000,198381.05989386202
2024-04-25 16:00:00.010,198383.3214379448
2024-04-26 00:00:00.001,198386.71180890818
2024-04-26 08:00:00.000,198388.07075788404
2024-04-26 16:00:00.000,198399.10510237957
2024-04-27 00:00:00.000,198418.9450128898
2024-04-27 08:00:00.001,198433.7669080823
2024-04-27 16:00:00.000,198439.3905210365
2024-04-28 00:00:00.000,198441.38682130512
2024-04-28 08:00:00.000,198437.25725604538
2024-04-28 16:00:00.000,198442.77778054224
2024-04-29 00:00:00.000,198447.68328600898
2024-04-29 08:00:00.000,198458.68522557034
2024-04-29 16:00:00.000,198472.23598459753
2024-04-30 00:00:00.000,198491.56718038244
2024-04-30 08:00:00.000,198509.7370984421
2024-04-30 16:00:00.000,198529.58807215196
2024-05-01 00:00:00.000,198549.44103095916
2024-05-01 08:00:00.000,198567.20326395382
2024-05-01 16:00:00.000,198586.86538842102
2024-05-02 00:00:00.000,198600.03964107088
2024-05-02 08:00:00.000,198612.2912775163
2024-05-02 16:00:00.002,198612.04698439804
2024-05-03 00:00:00.000,198608.97048379027
2024-05-03 08:00:00.000,198601.49484214126
2024-05-03 16:00:00.000,198617.56368908897
2024-05-04 00:00:00.000,198622.93232183548
2024-05-04 08:00:00.000,198637.73966144005
2024-05-04 16:00:00.000,198650.18431582986
2024-05-05 00:00:00.000,198663.9030975587
2024-05-05 08:00:00.000,198665.18845301174
2024-05-05 16:00:00.000,198672.9224887982
2024-05-06 00:00:00.000,198674.11849979163
2024-05-06 08:00:00.000,198672.07016962988
2024-05-06 16:00:00.000,198687.45930818524
2024-05-07 00:00:00.000,198699.5077157177
2024-05-07 08:00:00.000,198702.64915493468
2024-05-07 16:00:00.000,198720.5880301004
2024-05-08 00:00:00.000,198730.30745406097
2024-05-08 08:00:00.000,198741.34294803388
2024-05-08 16:00:00.000,198759.8099936206
2024-05-09 00:00:00.000,198771.03594768906
2024-05-09 08:00:00.000,198777.6252075307
2024-05-09 16:00:00.000,198792.04254868702
2024-05-10 00:00:00.000,198794.08215504358
2024-05-10 08:00:00.000,198805.87859587863
2024-05-10 16:00:00.000,198821.0932097676
2024-05-11 00:00:00.000,198838.75051105558
2024-05-11 08:00:00.000,198846.24872033735
2024-05-11 16:00:00.000,198856.32425976
2024-05-12 00:00:00.000,198861.50247844376
2024-05-12 08:00:00.000,198867.1302589639
2024-05-12 16:00:00.000,198887.0169719898
2024-05-13 00:00:00.001,198906.905673687
2024-05-13 08:00:00.001,198923.75109952848
2024-05-13 16:00:00.000,198941.95461199162
2024-05-14 00:00:00.000,198961.58222523364
2024-05-14 08:00:00.000,198981.47838345615
2024-05-14 16:00:00.000,198990.21764998676
2024-05-15 00:00:00.000,199010.11667175178
2024-05-15 08:00:00.000,199009.35048280258
2024-05-15 16:00:00.000,199014.07297468957
2024-05-16 00:00:00.004,199018.25824064424
2024-05-16 08:00:00.000,199028.50370057844
2024-05-16 16:00:00.000,199035.55528046458
2024-05-17 00:00:00.000,199044.80446271846
2024-05-17 08:00:00.000,199046.4266778748
2024-05-17 16:00:00.000,199045.83351952332
2024-05-18 00:00:00.000,199047.0835273578
2024-05-18 08:00:00.000,199063.03117969004
2024-05-18 16:00:00.000,199061.4546004831
2024-05-19 00:00:00.000,199068.1012624522
2024-05-19 08:00:00.000,199078.47271052797
2024-05-19 16:00:00.000,199087.98667073878
2024-05-20 00:00:00.000,199099.14953415145
2024-05-20 08:00:00.000,199104.0852020684
2024-05-20 16:00:00.003,199109.16633832274
2024-05-21 00:00:00.000,199129.07725495656
2024-05-21 08:00:00.001,199150.0196600115
2024-05-21 16:00:00.000,199169.9346619775
2024-05-22 00:00:00.000,199189.8516554437
2024-05-22 08:00:00.000,199221.24198416606
2024-05-22 16:00:00.000,199241.16410836446
2024-05-23 00:00:00.000,199261.0882247753
2024-05-23 08:00:00.000,199281.01433359776
2024-05-23 16:00:00.000,199300.94243503115
2024-05-24 00:00:00.000,199320.87252927464
2024-05-24 08:00:00.000,199340.80461652757
2024-05-24 16:00:00.000,199360.73869698922
2024-05-25 00:00:00.000,199380.67477085892
2024-05-25 08:00:00.000,199400.612838336
2024-05-25 16:00:00.000,199420.55289961983
2024-05-26 00:00:00.000,199440.4949549098
2024-05-26 08:00:00.000,199460.43900440529
2024-05-26 16:00:00.000,199480.38504830573
2024-05-27 00:00:00.000,199500.33308681054
2024-05-27 08:00:00.000,199520.28312011922
2024-05-27 16:00:00.000,199540.23514843124
2024-05-28 00:00:00.000,199560.18917194608
2024-05-28 08:00:00.000,199580.1451908633
2024-05-28 16:00:00.000,199600.1032053824
2024-05-29 00:00:00.001,199620.06321570292
2024-05-29 08:00:00.000,199640.02522202447
2024-05-29 16:00:00.000,199665.09601639185
2024-05-30 00:00:00.000,199685.0625259935
2024-05-30 08:00:00.000,199705.03103224607
2024-05-30 16:00:00.000,199725.00153534932
2024-05-31 00:00:00.000,199754.15938832346
2024-05-31 08:00:00.000,199778.6652285972
2024-05-31 16:00:00.000,199798.6430951201
2024-06-01 00:00:00.000,199818.62295942957
2024-06-01 08:00:00.000,199838.60482172552
2024-06-01 16:00:00.001,199859.08827871975
2024-06-02 00:00:00.000,199879.0741875476
2024-06-02 08:00:00.000,199899.0620949664
2024-06-02 16:00:00.000,199919.05200117588
2024-06-03 00:00:00.000,199939.043906376
2024-06-03 08:00:00.000,199967.30529023218
2024-06-03 16:00:00.000,199987.30202076118
2024-06-04 00:00:00.000,200011.31649598785
2024-06-04 08:00:00.000,200031.31762763747
2024-06-04 16:00:00.000,200051.32075940023
2024-06-05 00:00:00.000,200071.32589147612
2024-06-05 08:00:00.000,200104.11157964997
2024-06-05 16:00:00.000,200130.5773494475
2024-06-06 00:00:00.000,200150.59040718243
2024-06-06 08:00:00.008,200171.48212580915
2024-06-06 16:00:00.000,200195.04230925537
2024-06-07 00:00:00.000,200215.0618134863
2024-06-07 08:00:00.000,200235.0833196677
2024-06-07 16:00:00.000,200255.43921823794
2024-06-08 00:00:00.000,200275.46476215977
2024-06-08 08:00:00.000,200295.49230863596
2024-06-08 16:00:00.000,200315.52185786684
2024-06-09 00:00:00.000,200335.55341005264
2024-06-09 08:00:00.000,200355.58696539365
2024-06-09 16:00:00.001,200375.62252409017
2024-06-10 00:00:00.000,200395.66008634257
2024-06-10 08:00:00.000,200415.6996523512
2024-06-10 16:00:00.001,200435.74122231646
2024-06-11 00:00:00.001,200455.78479643867
2024-06-11 08:00:00.000,200475.83037491835
2024-06-11 16:00:00.000,200495.87795795585
2024-06-12 00:00:00.000,200515.92754575162
2024-06-12 08:00:00.000,200535.97913850617
2024-06-12 16:00:00.000,200556.03273642002
2024-06-13 00:00:00.000,200576.08833969364
2024-06-13 08:00:00.001,200596.1459485276
2024-06-13 16:00:00.000,200616.20556312246
2024-06-14 00:00:00.000,200636.26718367878
2024-06-14 08:00:00.000,200656.33081039716
2024-06-14 16:00:00.000,200676.3964434782
2024-06-15 00:00:00.000,200696.46408312253
2024-06-15 08:00:00.000,200716.53372953087
2024-06-15 16:00:00.000,200736.60538290383
2024-06-16 00:00:00.001,200756.67904344213
2024-06-16 08:00:00.000,200776.75471134647
2024-06-16 16:00:00.000,200796.83238681758
2024-06-17 00:00:00.000,200816.91207005625
2024-06-17 08:00:00.000,200836.99376126326
2024-06-17 16:00:00.000,200857.07746063938
2024-06-18 00:00:00.000,200877.16316838545
2024-06-18 08:00:00.000,200893.707411544
2024-06-18 16:00:00.000,200913.79678228515
2024-06-19 00:00:00.001,200933.88816196338
2024-06-19 08:00:00.001,200942.18070352782
2024-06-19 16:00:00.000,200948.1426580293
2024-06-20 00:00:00.000,200956.04795796148
2024-06-20 08:00:00.000,200968.0108714964
2024-06-20 16:00:00.000,200981.83546096427
2024-06-21 00:00:00.000,200988.55629354206
2024-06-21 08:00:00.000,201003.28473494726
2024-06-21 16:00:00.000,201023.38506342075
2024-06-22 00:00:00.000,201043.48740192706
2024-06-22 08:00:00.000,201051.82266491477
2024-06-22 16:00:00.000,201071.92784718127
2024-06-23 00:00:00.000,201092.035039966
2024-06-23 08:00:00.000,201096.67423321435
2024-06-23 16:00:00.000,201106.07751370152
2024-06-24 00:00:00.002,201125.2509671317
2024-06-24 08:00:00.000,201145.3634922284
2024-06-24 16:00:00.000,201160.42525704674
2024-06-25 00:00:00.000,201175.40567391564
2024-06-25 08:00:00.000,201187.37359879914
2024-06-25 16:00:00.000,201202.96964400052
2024-06-26 00:00:00.002,201223.0899409649
2024-06-26 08:00:00.000,201243.212249959
2024-06-26 16:00:00.000,201263.33657118402
2024-06-27 00:00:00.000,201283.46290484114
2024-06-27 08:00:00.001,201303.5912511316
2024-06-27 16:00:00.000,201323.7216102567
2024-06-28 00:00:00.000,201343.85398241773
2024-06-28 08:00:00.000,201363.98836781594
2024-06-28 16:00:00.000,201384.12476665276
2024-06-29 00:00:00.001,201404.26317912943
2024-06-29 08:00:00.000,201424.40360544733
2024-06-29 16:00:00.000,201444.54604580786
2024-06-30 00:00:00.000,201464.69050041246
2024-06-30 08:00:00.000,201484.83696946249
2024-06-30 16:00:00.000,201504.98545315943
2024-07-01 00:00:00.000,201525.13595170472
2024-07-01 08:00:00.000,201545.2884652999
2024-07-01 16:00:00.001,201565.44299414643
2024-07-02 00:00:00.000,201585.59953844585
2024-07-02 08:00:00.000,201605.7580983997
2024-07-02 16:00:00.000,201625.91867420953
2024-07-03 00:00:00.000,201646.08126607697
2024-07-03 08:00:00.001,201666.24587420357
2024-07-03 16:00:00.000,201686.41249879097
2024-07-04 00:00:00.000,201706.5811400409
2024-07-04 08:00:00.000,201726.75179815487
2024-07-04 16:00:00.000,201746.92447333466
2024-07-05 00:00:00.000,201767.099165782
2024-07-05 08:00:00.000,201787.27587569857
2024-07-05 16:00:00.000,201790.83136749952
2024-07-06 00:00:00.000,201802.39196422853
2024-07-06 08:00:00.000,201817.55135991288
2024-07-06 16:00:00.000,201824.11043033208
2024-07-07 00:00:00.001,201840.58735070765
2024-07-07 08:00:00.000,201860.7714094427
2024-07-07 16:00:00.000,201880.95748658365
2024-07-08 00:00:00.000,201896.91617627296
2024-07-08 08:00:00.000,201913.51614072098
2024-07-08 16:00:00.000,201933.70749233503
2024-07-09 00:00:00.000,201953.90086308427
2024-07-09 08:00:00.001,201955.63968617073
2024-07-09 16:00:00.000,201975.83525013932
2024-07-10 00:00:00.000,201996.03283366433
2024-07-10 08:00:00.000,202014.66696769325
2024-07-10 16:00:00.000,202025.74747217642
2024-07-11 00:00:00.002,202045.9500469236
2024-07-11 08:00:00.002,202066.15464192827
2024-07-11 16:00:00.004,202086.36125739248
2024-07-12 00:00:00.000,202099.2503255135
2024-07-12 08:00:00.000,202105.3658488283
2024-07-12 16:00:00.000,202113.52484244763
2024-07-13 00:00:00.000,202130.33866657928
2024-07-13 08:00:00.000,202144.21491432874
2024-07-13 16:00:00.000,202164.4293358202
2024-07-14 00:00:00.000,202182.09244201123
2024-07-14 08:00:00.000,202189.5933976408
2024-07-14 16:00:00.000,202206.460053522
2024-07-15 00:00:00.000,202215.74133003847
2024-07-15 08:00:00.000,202222.21627807585
2024-07-15 16:00:00.000,202221.1768558842
2024-07-16 00:00:00.000,202210.94041991173
2024-07-16 08:00:00.000,202228.7632922003
2024-07-16 16:00:00.000,202234.257847699
2024-07-17 00:00:00.000,202227.3434584232
2024-07-17 08:00:00.001,202230.9329937696
2024-07-17 16:00:00.000,202235.26680266362
2024-07-18 00:00:00.000,202236.66020365193
2024-07-18 08:00:00.000,202239.78678241864
2024-07-18 16:00:00.000,202246.11082055132
2024-07-19 00:00:00.000,202254.25931635627
2024-07-19 08:00:00.000,202264.07876064608
2024-07-19 16:00:00.000,202273.39504411383
2024-07-20 00:00:00.001,202267.17109174834
2024-07-20 08:00:00.000,202271.10316555438
2024-07-20 16:00:00.000,202274.3840028477
2024-07-21 00:00:00.000,202263.63716482566
2024-07-21 08:00:00.000,202268.07482902505
2024-07-21 16:00:00.000,202269.38148078846
2024-07-22 00:00:00.000,202287.86081148055
2024-07-22 08:00:00.000,202299.90300783465
2024-07-22 16:00:00.000,202305.5046921489
2024-07-23 00:00:00.000,202315.0312583649
2024-07-23 08:00:00.000,202323.75103621214
2024-07-23 16:00:00.000,202333.14290473526
2024-07-24 00:00:00.000,202353.37621902573
2024-07-24 08:00:00.000,202373.61155664764
2024-07-24 16:00:00.000,202393.8489178033
2024-07-25 00:00:00.000,202414.08830269508
2024-07-25 08:00:00.000,202434.32971152532
2024-07-25 16:00:00.000,202454.57314449648
2024-07-26 00:00:00.000,202474.81860181093
2024-07-26 08:00:00.000,202495.06608367106
2024-07-26 16:00:00.000,202501.82941887825
2024-07-27 00:00:00.000,202515.08721365032
2024-07-27 08:00:00.000,202531.3329739466
2024-07-27 16:00:00.000,202549.7815530672
2024-07-28 00:00:00.000,202566.35012519822
2024-07-28 08:00:00.000,202584.93963914926
2024-07-28 16:00:00.001,202590.6201208567
2024-07-29 00:00:00.001,202607.558722605
2024-07-29 08:00:00.000,202618.95134563197
2024-07-29 16:00:00.001,202639.21324076652
2024-07-30 00:00:00.000,202646.0948684482
2024-07-30 08:00:00.001,202653.31312234743
2024-07-30 16:00:00.000,202668.89918865968
2024-07-31 00:00:00.000,202675.10693704183
2024-07-31 08:00:00.000,202689.65495621777
2024-07-31 16:00:00.000,202697.4098624164
2024-08-01 00:00:00.000,202714.04726581794
2024-08-01 08:00:00.000,202734.31867054454
2024-08-01 16:00:00.000,202754.5921024116
2024-08-02 00:00:00.000,202774.86756162185
2024-08-02 08:00:00.001,202795.14504837798
2024-08-02 16:00:00.000,202815.4245628828
2024-08-03 00:00:00.000,202835.7061053391
2024-08-03 08:00:00.000,202855.55966425268
2024-08-03 16:00:00.001,202864.1749398716
2024-08-04 00:00:00.000,202884.46135736557
2024-08-04 08:00:00.000,202895.3014741359
2024-08-04 16:00:00.000,202915.59100428328
2024-08-05 00:00:00.000,202935.8825633837
2024-08-05 08:00:00.000,202944.87059362244
2024-08-05 16:00:00.000,202956.98031405077
2024-08-06 00:00:00.000,202964.21775996877
2024-08-06 08:00:00.000,202958.4434279735
2024-08-06 16:00:00.000,202967.54611416126
2024-08-07 00:00:00.000,202966.06445107464
2024-08-07 08:00:00.001,202952.1430087139
2024-08-07 16:00:00.000,202958.7206876688
2024-08-08 00:00:00.001,202964.07270913335
2024-08-08 08:00:00.000,202970.33618041716
2024-08-08 16:00:00.000,202972.66425017314
2024-08-09 00:00:00.000,202982.8007050258
2024-08-09 08:00:00.000,202987.2338493932
2024-08-09 16:00:00.000,202997.07061074552
2024-08-10 00:00:00.000,202989.06846622203
2024-08-10 08:00:00.000,202986.26924696786
2024-08-10 16:00:00.000,202982.31304458022
2024-08-11 00:00:00.000,202990.53179843538
2024-08-11 08:00:00.000,202986.7988025556
2024-08-11 16:00:00.001,202989.2041961214
2024-08-12 00:00:00.000,202991.4634659641
2024-08-12 08:00:00.000,203009.29220620033
2024-08-12 16:00:00.000,203004.74885824075
2024-08-13 00:00:00.000,203017.21334982067
2024-08-13 08:00:00.000,203018.27106950223
2024-08-13 16:00:00.000,203010.3492965651
2024-08-14 00:00:00.000,203012.68797578898
2024-08-14 08:00:00.000,203009.98790703889
2024-08-14 16:00:00.000,202994.13079688343
2024-08-15 00:00:00.000,202976.9006550614
2024-08-15 08:00:00.000,202989.76736079392
2024-08-15 16:00:00.000,202977.22056327335
2024-08-16 00:00:00.000,202954.41607254307
2024-08-16 08:00:00.000,202939.42382982778
2024-08-16 16:00:00.000,202938.29345723707
2024-08-17 00:00:00.000,202942.17363740798
2024-08-17 08:00:00.000,202950.65053200076
2024-08-17 16:00:00.000,202950.34204701197
2024-08-18 00:00:00.000,202958.39105757757
2024-08-18 08:00:00.000,202955.7059180639
2024-08-18 16:00:00.000,202949.31484288457
2024-08-19 00:00:00.000,202941.97619565987
2024-08-19 08:00:00.000,202928.27761226663
2024-08-19 16:00:00.002,202924.3063058738
2024-08-20 00:00:00.000,202918.9166362983
2024-08-20 08:00:00.000,202921.65401248372
2024-08-20 16:00:00.001,202924.53347075413
2024-08-21 00:00:00.001,202910.82388927287
2024-08-21 08:00:00.000,202909.62468630366
2024-08-21 16:00:00.001,202910.4282084174
2024-08-22 00:00:00.000,202905.90533497266
2024-08-22 08:00:00.000,202908.62021598604
2024-08-22 16:00:00.008,202893.88702107215
2024-08-23 00:00:00.000,202887.13268357323
2024-08-23 08:00:00.000,202891.98371491567
2024-08-23 16:00:00.000,202883.2248679787
2024-08-24 00:00:00.000,202881.6586094827
2024-08-24 08:00:00.005,202880.1917750909
2024-08-24 16:00:00.000,202893.16596335493
2024-08-25 00:00:00.000,202883.4149177987
2024-08-25 08:00:00.000,202880.30877271632
2024-08-25 16:00:00.000,202886.614292713
2024-08-26 00:00:00.000,202891.56269723564
2024-08-26 08:00:00.001,202898.55839831743
2024-08-26 16:00:00.000,202906.24622469515
2024-08-27 00:00:00.001,202911.91745427714
2024-08-27 08:00:00.000,202915.47044195174
2024-08-27 16:00:00.000,202931.2024783751
2024-08-28 00:00:00.000,202917.39706867049
2024-08-28 08:00:00.000,202922.33404894118
2024-08-28 16:00:00.001,202924.65345121938
2024-08-29 00:00:00.000,202922.67290660169
2024-08-29 08:00:00.001,202919.3368578591
2024-08-29 16:00:00.000,202920.47117695215
2024-08-30 00:00:00.000,202922.37051256237
2024-08-30 08:00:00.000,202929.6310749793
2024-08-30 16:00:00.000,202935.57082528085
2024-08-31 00:00:00.000,202932.02148214716
2024-08-31 08:00:00.000,202939.28238987576
2024-08-31 16:00:00.000,202946.99408260657
2024-09-01 00:00:00.000,202955.34129247323
2024-09-01 08:00:00.001,202948.37586516005
2024-09-01 16:00:00.000,202947.60060236428
2024-09-02 00:00:00.001,202940.72879660784
2024-09-02 08:00:00.001,202941.23208961525
2024-09-02 16:00:00.000,202940.49541294275
2024-09-03 00:00:00.000,202953.1690468813
2024-09-03 08:00:00.001,202963.56633773155
2024-09-03 16:00:00.000,202972.89860251176
2024-09-04 00:00:00.000,202977.3822738419
2024-09-04 08:00:00.000,202979.51353635578
2024-09-04 16:00:00.000,202976.5297375068
2024-09-05 00:00:00.000,202994.83010142794
2024-09-05 08:00:00.000,202998.9407467375
2024-09-05 16:00:00.005,203003.9954203621
2024-09-06 00:00:00.000,203008.6239114577
2024-09-06 08:00:00.001,203008.62188137145
2024-09-06 16:00:00.000,203011.52084449196
2024-09-07 00:00:00.000,203010.39007032083
2024-09-07 08:00:00.000,202994.89225714287
2024-09-07 16:00:00.000,202980.20354673913
2024-09-08 00:00:00.000,202987.80515536197
2024-09-08 08:00:00.000,202975.6279169307
2024-09-08 16:00:00.000,202964.98184524648
2024-09-09 00:00:00.000,202949.58695137355
2024-09-09 08:00:00.000,202935.16129473303
2024-09-09 16:00:00.001,202927.2975572329
2024-09-10 00:00:00.000,202915.06509973612
2024-09-10 08:00:00.000,202909.11968832873
2024-09-10 16:00:00.000,202906.83493164106
2024-09-11 00:00:00.000,202888.6686827096
2024-09-11 08:00:00.000,202884.10977432432
2024-09-11 16:00:00.000,202873.53545452288
2024-09-12 00:00:00.000,202869.57739184616
2024-09-12 08:00:00.000,202868.4697239536
2024-09-12 16:00:00.000,202862.48510409673
2024-09-13 00:00:00.000,202862.34512898198
2024-09-13 08:00:00.001,202860.5822552028
2024-09-13 16:00:00.001,202855.6263711783
2024-09-14 00:00:00.000,202837.97996024028
2024-09-14 08:00:00.000,202839.72233848812
2024-09-14 16:00:00.001,202844.44039042975
2024-09-15 00:00:00.000,202843.44442422743
2024-09-15 08:00:00.000,202843.44645266188
2024-09-15 16:00:00.000,202844.26188331662
2024-09-16 00:00:00.000,202849.13420248704
2024-09-16 08:00:00.001,202856.36374563
2024-09-16 16:00:00.000,202870.08089294648
2024-09-17 00:00:00.001,202887.38368214582
2024-09-17 08:00:00.000,202891.26086004797
2024-09-17 16:00:00.000,202902.06887751402
2024-09-18 00:00:00.000,202904.7958813197
2024-09-18 08:00:00.000,202908.2006237946
2024-09-18 16:00:00.004,202917.63179695955
2024-09-19 00:00:00.000,202924.75826418825
2024-09-19 08:00:00.000,202930.74251530948
2024-09-19 16:00:00.001,202939.0058551447
2024-09-20 00:00:00.000,202955.3728859669
2024-09-20 08:00:00.001,202954.35202044126
2024-09-20 16:00:00.000,202965.60178017375
2024-09-21 00:00:00.001,202975.01532478427
2024-09-21 08:00:00.000,202995.31282631675
2024-09-21 16:00:00.000,203012.02746037487
2024-09-22 00:00:00.000,203024.78676630073
2024-09-22 08:00:00.000,203043.5746800681
2024-09-22 16:00:00.000,203054.81720279818
2024-09-23 00:00:00.000,203068.1091711323
2024-09-23 08:00:00.000,203070.87902014138
2024-09-23 16:00:00.000,203081.64989956463
2024-09-24 00:00:00.000,203086.3695171083
2024-09-24 08:00:00.000,203092.2488675058
2024-09-24 16:00:00.001,203091.87923961284
2024-09-25 00:00:00.000,203094.36305329597
2024-09-25 08:00:00.003,203096.68035997837
2024-09-25 16:00:00.000,203099.39373162802
2024-09-26 00:00:00.005,203102.74487162463
2024-09-26 08:00:00.000,203115.43066906932
2024-09-26 16:00:00.000,203135.74221213622
2024-09-27 00:00:00.000,203156.05578635744
2024-09-27 08:00:00.000,203169.7119364274
2024-09-27 16:00:00.000,203174.33404737394
2024-09-28 00:00:00.000,203185.4172072962
2024-09-28 08:00:00.001,203202.2815969244
2024-09-28 16:00:00.000,203205.15487718617
2024-09-29 00:00:00.001,203206.62811455902
2024-09-29 08:00:00.000,203212.98441788644
2024-09-29 16:00:00.000,203227.72345564628
2024-09-30 00:00:00.000,203233.976772697
2024-09-30 08:00:00.001,203250.11151811297
2024-09-30 16:00:00.000,203270.43652926479
2024-10-01 00:00:00.000,203290.7635729177
2024-10-01 08:00:00.000,203311.09264927497
2024-10-01 16:00:00.001,203331.42375853992
2024-10-02 00:00:00.000,203344.90869856355
2024-10-02 08:00:00.000,203362.00797193605
2024-10-02 16:00:00.000,203378.66535400902
2024-10-03 00:00:00.000,203387.57537333816
2024-10-03 08:00:00.000,203395.1942719116
2024-10-03 16:00:00.000,203405.34369210582
2024-10-04 00:00:00.000,203419.7793693476
2024-10-04 08:00:00.000,203424.08983447246
2024-10-04 16:00:00.001,203424.58415501076
2024-10-05 00:00:00.000,203421.33749864763
2024-10-05 08:00:00.000,203423.55072279964
2024-10-05 16:00:00.000,203425.30219957136
2024-10-06 00:00:00.000,203426.4657923
2024-10-06 08:00:00.001,203433.15445449526
2024-10-06 16:00:00.000,203441.65796035144
2024-10-07 00:00:00.000,203450.96134736997
2024-10-07 08:00:00.000,203449.02449421794
2024-10-07 16:00:00.001,203453.4535794812
2024-10-08 00:00:00.000,203450.0396305301
2024-10-08 08:00:00.000,203464.47237634152
2024-10-08 16:00:00.000,203480.952998604
2024-10-09 00:00:00.000,203501.30109390386
2024-10-09 08:00:00.000,203511.75699075407
2024-10-09 16:00:00.000,203527.91378914157
2024-10-10 00:00:00.000,203532.16752253976
2024-10-10 08:00:00.000,203535.2856353462
2024-10-10 16:00:00.000,203555.63916390974
2024-10-11 00:00:00.000,203560.1804902195
2024-10-11 08:00:00.000,203556.36577243713
2024-10-11 16:00:00.001,203556.61004007605
2024-10-12 00:00:00.000,203565.8881503617
2024-10-12 08:00:00.001,203581.48944002955
2024-10-12 16:00:00.000,203578.45811165177
2024-10-13 00:00:00.000,203579.8689103665
2024-10-13 08:00:00.000,203583.20354861923
2024-10-13 16:00:00.000,203591.22065517496
2024-10-14 00:00:00.000,203602.27362254434
2024-10-14 08:00:00.000,203622.6338499066
2024-10-14 16:00:00.000,203642.99611329156
2024-10-15 00:00:00.000,203663.36041290287
2024-10-15 08:00:00.000,203683.72674894414
2024-10-15 16:00:00.000,203704.09512161906
2024-10-16 00:00:00.000,203721.05348753795
2024-10-16 08:00:00.001,203738.36977708436
2024-10-16 16:00:00.000,203758.74361406208
2024-10-17 00:00:00.000,203779.1194884235
2024-10-17 08:00:00.000,203799.49740037232
2024-10-17 16:00:00.001,203819.87735011237
2024-10-18 00:00:00.010,203840.25933784735
2024-10-18 08:00:00.001,203860.6433637811
2024-10-18 16:00:00.000,203881.02942811747
2024-10-19 00:00:00.000,203901.4175310603
2024-10-19 08:00:00.000,203921.80767281342
2024-10-19 16:00:00.000,203942.19985358068
2024-10-20 00:00:00.000,203962.59407356606
2024-10-20 08:00:00.000,203982.99033297342
2024-10-20 16:00:00.000,204003.38863200674
2024-10-21 00:00:00.000,204023.78897086994
2024-10-21 08:00:00.000,204044.19134976703
2024-10-21 16:00:00.000,204064.595768902
2024-10-22 00:00:00.000,204085.0022284789
2024-10-22 08:00:00.000,204105.41072870174
2024-10-22 16:00:00.000,204125.8212697746
2024-10-23 00:00:00.000,204146.2338519016
2024-10-23 08:00:00.000,204166.64847528678
2024-10-23 16:00:00.000,204187.0651401343
2024-10-24 00:00:00.000,204207.48384664828
2024-10-24 08:00:00.000,204227.90459503295
2024-10-24 16:00:00.000,204248.32738549245
2024-10-25 00:00:00.000,204268.75221823098
2024-10-25 08:00:00.000,204289.1790934528
2024-10-25 16:00:00.000,204309.60801136214
2024-10-26 00:00:00.000,204319.32293322307
2024-10-26 08:00:00.001,204334.78786277588
2024-10-26 16:00:00.000,204355.22134156217
2024-10-27 00:00:00.000,204375.6568636963
2024-10-27 08:00:00.000,204395.53035256974
2024-10-27 16:00:00.000,204415.969905605
2024-10-28 00:00:00.000,204435.23611076863
2024-10-28 08:00:00.001,204455.67963437972
2024-10-28 16:00:00.000,204473.97023947982
2024-10-29 00:00:00.000,204494.4176365038
2024-10-29 08:00:00.000,204514.86707826745
2024-10-29 16:00:00.004,204535.31856497528
2024-10-30 00:00:00.000,204555.7720968318
2024-10-30 08:00:00.000,204576.2276740415
2024-10-30 16:00:00.013,204596.6852968089
2024-10-31 00:00:00.000,204617.14496533858
2024-10-31 08:00:00.000,204637.60667983512
2024-10-31 16:00:00.000,204658.07044050313
2024-11-01 00:00:00.000,204678.53624754716
2024-11-01 08:00:00.000,204699.00410117194
2024-11-01 16:00:00.000,204719.47400158207
2024-11-02 00:00:00.000,204739.9459489822
2024-11-02 08:00:00.000,204760.41994357712
2024-11-02 16:00:00.000,204780.89598557146
2024-11-03 00:00:00.000,204801.37407517005
2024-11-03 08:00:00.000,204821.85421257757
2024-11-03 16:00:00.000,204842.3363979988
2024-11-04 00:00:00.000,204862.8206316386
2024-11-04 08:00:00.000,204883.30691370176
2024-11-04 16:00:00.000,204903.7952443931
2024-11-05 00:00:00.000,204924.28562391756
2024-11-05 08:00:00.003,204944.77805247993
2024-11-05 16:00:00.001,204965.27253028515
2024-11-06 00:00:00.000,204985.76905753821
2024-11-06 08:00:00.000,205006.26763444397
2024-11-06 16:00:00.000,205026.76826120738
2024-11-07 00:00:00.000,205047.2709380335
2024-11-07 08:00:00.000,205067.7756651273
2024-11-07 16:00:00.000,205088.28244269383
2024-11-08 00:00:00.000,205108.7912709381
2024-11-08 08:00:00.000,205129.30215006517
2024-11-08 16:00:00.000,205149.81508028018
2024-11-09 00:00:00.000,205170.3300617882
2024-11-09 08:00:00.000,205190.8470947944
2024-11-09 16:00:00.000,205211.36617950385
2024-11-10 00:00:00.000,205231.8873161218
2024-11-10 08:00:00.000,205284.43283623137
2024-11-10 16:00:00.000,205313.40462823756
2024-11-11 00:00:00.001,205389.1201055964
2024-11-11 08:00:00.000,205409.65901760696
2024-11-11 16:00:00.000,205430.19998350873
2024-11-12 00:00:00.002,205531.13400366664
2024-11-12 08:00:00.000,205621.02715574583
2024-11-12 16:00:00.000,205700.7135286098
2024-11-13 00:00:00.000,205721.28359996265
2024-11-13 08:00:00.010,205748.2351453271
2024-11-13 16:00:00.000,205793.2034796005
2024-11-14 00:00:00.001,205813.78279994844
2024-11-14 08:00:00.000,205834.36417822845
2024-11-14 16:00:00.000,205854.94761464628
2024-11-15 00:00:00.000,205875.53310940776
2024-11-15 08:00:00.000,205896.1206627187
2024-11-15 16:00:00.000,205918.72187988381
2024-11-16 00:00:00.001,205939.3137520718
2024-11-16 08:00:00.001,205959.90768344697
2024-11-16 16:00:00.000,205987.15823883258
2024-11-17 00:00:00.000,206019.6321143289
2024-11-17 08:00:00.000,206040.23407754034
2024-11-17 16:00:00.001,206062.02695309868
2024-11-18 00:00:00.000,206082.63315579403
2024-11-18 08:00:00.000,206157.7502755793
2024-11-18 16:00:00.000,206201.69898478306
2024-11-19 00:00:00.000,206246.25092386574
2024-11-19 08:00:00.000,206308.5702910449
2024-11-19 16:00:00.000,206345.62124718344
2024-11-20 00:00:00.003,206366.25580930815
2024-11-20 08:00:00.000,206386.89243488904
2024-11-20 16:00:00.000,206407.53112413254
2024-11-21 00:00:00.001,206428.17187724498
2024-11-21 08:00:00.000,206448.81469443272
2024-11-21 16:00:00.001,206469.45957590215
2024-11-22 00:00:00.000,206490.10652185977
2024-11-22 08:00:00.000,206510.75553251195
2024-11-22 16:00:00.001,206531.40660806518
2024-11-23 00:00:00.000,206552.059748726
2024-11-23 08:00:00.000,206572.71495470084
2024-11-23 16:00:00.000,206593.37222619628
2024-11-24 00:00:00.001,206614.03156341892
2024-11-24 08:00:00.000,206647.3955972358
2024-11-24 16:00:00.000,206695.39565428515
2024-11-25 00:00:00.000,206738.874030761
2024-11-25 08:00:00.000,206759.54791816408
2024-11-25 16:00:00.000,206811.71955489024
2024-11-26 00:00:00.000,206857.0154577072
2024-11-26 08:00:00.000,206894.11733199967
2024-11-26 16:00:00.000,206955.35592178875
2024-11-27 00:00:00.000,207019.93634060415
2024-11-27 08:00:00.000,207054.70533891255
2024-11-27 16:00:00.001,207075.41080944645
2024-11-28 00:00:00.000,207096.11835052737
2024-11-28 08:00:00.000,207125.78694044228
2024-11-28 16:00:00.000,207150.34998751554
2024-11-29 00:00:00.000,207193.06231817947
2024-11-29 08:00:00.000,207217.40128720997
2024-11-29 16:00:00.000,207262.82541374618
2024-11-30 00:00:00.000,207283.55169628756
2024-11-30 08:00:00.000,207316.5284365269
2024-11-30 16:00:00.000,207341.53702935224
2024-12-01 00:00:00.000,207374.50640715528
2024-12-01 08:00:00.000,207415.11240925483
2024-12-01 16:00:00.000,207435.85392049578
2024-12-02 00:00:00.001,207489.21886827535
2024-12-02 08:00:00.001,207540.16992086064
2024-12-02 16:00:00.000,207567.95332340797
2024-12-03 00:00:00.000,207594.4784321632
2024-12-03 08:00:00.000,207646.2234318572
2024-12-03 16:00:00.000,207671.04130848174
2024-12-04 00:00:00.000,207726.35241362383
2024-12-04 08:00:00.000,207780.8888901865
2024-12-04 16:00:00.000,207829.16470191127
2024-12-05 00:00:00.001,207886.57750866015
2024-12-05 08:00:00.000,208037.18301860208
2024-12-05 16:00:00.000,208135.0832365588
2024-12-06 00:00:00.000,208155.89674488243
2024-12-06 08:00:00.000,208186.35827881205
2024-12-06 16:00:00.000,208207.17691463995
2024-12-07 00:00:00.000,208273.7449132431
2024-12-07 08:00:00.000,208299.51670643868
2024-12-07 16:00:00.000,208328.86610834263
2024-12-08 00:00:00.000,208364.25076625115
2024-12-08 08:00:00.000,208398.78088988812
2024-12-08 16:00:00.000,208435.41739556857
2024-12-09 00:00:00.000,208498.8088590611
2024-12-09 08:00:00.000,208542.66032854034
2024-12-09 16:00:00.001,208565.83984523587
2024-12-10 00:00:00.007,208586.6964292204
2024-12-10 08:00:00.000,208607.55509886332
2024-12-10 16:00:00.000,208628.4158543732
2024-12-11 00:00:00.000,208649.2786959586
2024-12-11 08:00:00.000,208670.14362382822
2024-12-11 16:00:00.001,208691.0106381906
2024-12-12 00:00:00.001,208711.87973925442
2024-12-12 08:00:00.000,208732.75092722836
2024-12-12 16:00:00.001,208753.62420232108
2024-12-13 00:00:00.000,208774.49956474133
2024-12-13 08:00:00.000,208795.3770146978
2024-12-13 16:00:00.001,208816.25655239925
2024-12-14 00:00:00.000,208830.35164971658
2024-12-14 08:00:00.000,208851.23468488155
2024-12-14 16:00:00.000,208872.11980835002
2024-12-15 00:00:00.000,208893.00702033084
2024-12-15 08:00:00.000,208910.1237133261
2024-12-15 16:00:00.000,208931.01472569743
2024-12-16 00:00:00.000,208951.90782716998
2024-12-16 08:00:00.001,208972.80301795268
2024-12-16 16:00:00.000,208991.98881099778
2024-12-17 00:00:00.000,209008.4281208376
2024-12-17 08:00:00.000,209029.3289636497
2024-12-17 16:00:00.000,209050.23189654606
2024-12-18 00:00:00.000,209071.1369197357
2024-12-18 08:00:00.000,209090.28574516618
2024-12-18 16:00:00.000,209111.1947737407
2024-12-19 00:00:00.000,209132.10589321807
2024-12-19 08:00:00.000,209153.0191038074
2024-12-19 16:00:00.000,209173.9344057178
2024-12-20 00:00:00.000,209194.85179915838
2024-12-20 08:00:00.001,209215.7712843383
2024-12-20 16:00:00.014,209236.6928614667
2024-12-21 00:00:00.000,209257.6165307529
2024-12-21 08:00:00.000,209260.14017760823
2024-12-21 16:00:00.001,209281.066191626
2024-12-22 00:00:00.000,209301.99429824518
2024-12-22 08:00:00.000,209322.924497675
2024-12-22 16:00:00.000,209343.0802020749
2024-12-23 00:00:00.000,209364.0145100951
2024-12-23 08:00:00.000,209384.9509115461
2024-12-23 16:00:00.001,209403.75577398745
2024-12-24 00:00:00.000,209424.69614956484
2024-12-24 08:00:00.000,209445.6386191798
2024-12-24 16:00:00.001,209466.58318304174
2024-12-25 00:00:00.001,209487.52984136005
2024-12-25 08:00:00.000,209508.4785943442
2024-12-25 16:00:00.000,209529.4294422036
2024-12-26 00:00:00.000,209550.01989923493
2024-12-26 08:00:00.000,209565.637662218
2024-12-26 16:00:00.000,209583.62887221132
2024-12-27 00:00:00.000,209604.58723509853
2024-12-27 08:00:00.000,209625.54769382207
2024-12-27 16:00:00.000,209646.51024859145
2024-12-28 00:00:00.001,209667.4748996163
2024-12-28 08:00:00.000,209683.49139802388
2024-12-28 16:00:00.000,209694.3383250339
2024-12-29 00:00:00.000,209711.14113236387
2024-12-29 08:00:00.000,209732.11224647713
2024-12-29 16:00:00.000,209753.08545770176
2024-12-30 00:00:00.000,209752.99736140584
2024-12-30 08:00:00.001,209771.43674740387
2024-12-30 16:00:00.000,209792.41389107858
2024-12-31 00:00:00.000,209813.39313246767
2024-12-31 08:00:00.000,209834.3744717809
2024-12-31 16:00:00.000,209855.35790922807
